Economy,Code,2025 class,"Median, last 10 years",Floor,Cap,Rate used,Adjustment,Change,Obs,2016,2017,2018,2019,2020,2021,2022,2023,2024,2025,Status
Afghanistan,AFG,L,-0.026315789474,0.01244,0.055948,0.01244,raised by floor,0.038755789474,9,-0.050847457627,-0.053571428571,-0.018867924528,0,-0.057692307692,-0.224489795918,-0.026315789474,0,0.054054054054,,projected - raised from -2.6% to the 1.244% floor
Albania,ALB,UM,0.122258141584,0.01244,0.090712,0.090712,cut by cap,-0.031546141584,10,0.002145922747,0.006423982869,0.148936170213,0.092592592593,0.01186440678,0.162479061977,0.112391930836,0.132124352332,0.133867276888,0.216952573158,projected - cut from 12.2% to the UM p90 cap of 9.07%
Algeria,DZA,UM,0.015808597462,0.01244,0.090712,0.015808597462,unadjusted,0,10,-0.08719851577,-0.09756097561,0.002252252252,0.006741573034,-0.102678571429,0.024875621891,0.075242718447,0.117381489842,0.084848484848,0.08938547486,projected
American Samoa,ASM,H,,0.01244,0.071689,,frozen,,0,,,,,,,,,,,frozen - only 0 of 10 annual rates
Andorra,AND,H,0.030098682583,0.01244,0.071689,,frozen,,6,,,,,-0.086114101184,0.05347467609,0.064400715564,0.006722689076,-0.003756260434,0.11499790532,frozen - only 6 of 10 annual rates
Angola,AGO,LM,-0.008245614035,0.01244,0.074681,0.01244,raised by floor,0.020685614035,10,-0.334831460674,-0.175675675676,-0.05737704918,0.069565217391,-0.186991869919,-0.02,0.168367346939,0.157205240175,0.075471698113,0.00350877193,projected - raised from -0.8% to the 1.244% floor
Antigua and Barbuda,ATG,H,0.065642146585,0.01244,0.071689,0.065642146585,unadjusted,0,10,0.036426116838,0.051724137931,0.100882723834,0.045246277205,-0.152876712329,0.079560155239,0.122228879569,0.081153230112,0.046913580247,0.122169811321,projected
Argentina,ARG,UM,0.062353719637,0.01244,0.090712,0.062353719637,unadjusted,0,10,-0.0296,0.077493816983,-0.052027543994,-0.095238095238,-0.193577163247,0.113938053097,0.180734856008,0.086627417998,0.047213622291,0.082779009608,projected
Armenia,ARM,UM,0.092319025691,0.01244,0.090712,0.090712,cut by cap,-0.001607025691,10,-0.056265984655,0.056910569106,0.082051282051,0.101895734597,-0.090322580645,0.082742316785,0.242358078603,0.203866432337,0.140145985401,0.154929577465,projected - cut from 9.2% to the UM p90 cap of 9.07%
Aruba,ABW,H,0.050729442971,0.01244,0.071689,0.050729442971,unadjusted,0,9,0.005112072355,0.035211267606,0.057067271353,0.048265999285,-0.224079126876,0.167032967033,0.135969868173,0.050729442971,0.110760492269,,projected
Australia,AUS,H,0.026767381894,0.01244,0.071689,0.026767381894,unadjusted,0,10,-0.106120434353,-0.048407877784,0.030560928433,0.033971471471,-0.023960791432,0.064162172215,0.062390772457,0.041618687284,-0.01010739103,0.022973835354,projected
Austria,AUT,H,0.018750628222,0.01244,0.071689,0.018750628222,unadjusted,0,10,-0.025641025641,-0.025663331883,0.087276785714,0.044959967153,-0.037328094303,0.090612244898,0.05370508982,-0.007458710709,-0.020218285919,0.102264426589,projected
Azerbaijan,AZE,UM,0.049353469249,0.01244,0.090712,0.049353469249,unadjusted,0,10,-0.275340393343,-0.141962421712,-0.007299270073,0.105392156863,-0.006651884701,0.095982142857,0.154786150713,0.178130511464,0.09880239521,0.00272479564,projected
"Bahamas, The",BHS,H,0.041136430897,0.01244,0.071689,0.041136430897,unadjusted,0,9,0.007241129616,0.062904385334,0.036523503551,0.031973898858,-0.203920328802,0.187847498014,0.129722500836,0.041136430897,0.052302444571,,projected
Bahrain,BHR,H,0.013831469962,0.01244,0.071689,0.013831469962,unadjusted,0,10,-0.038917089679,-0.015845070423,0.08228980322,0.066115702479,-0.07480620155,0.057394218685,0.121236133122,0.005653710247,-0.010189739986,0.022009229677,projected
Bangladesh,BGD,LM,0.097581873572,0.01244,0.074681,0.074681,cut by cap,-0.022900873572,10,0.166666666667,0.171428571429,0.231707317073,0.09900990099,0.045045045045,0.120689655172,0.096153846154,0.010526315789,-0.020833333333,0.007092198582,projected - cut from 9.8% to the LM p90 cap of 7.47%
Barbados,BRB,H,0.026986561905,0.01244,0.071689,0.026986561905,unadjusted,0,10,0.001037344398,0.013989637306,0.034236075626,0.02766798419,-0.120673076923,0.131765992346,0.1961352657,-0.002019386107,0.02630513962,0.067823343849,projected
Belarus,BLR,UM,0.07229179637,0.01244,0.090712,0.07229179637,unadjusted,0,10,-0.163204747774,-0.056737588652,0.077067669173,0.111692844677,0.006279434851,0.098283931357,0.024147727273,0.088765603329,0.067515923567,0.09307875895,projected
Belgium,BEL,H,0.033678864849,0.01244,0.071689,0.033678864849,unadjusted,0,10,-0.050087873462,-0.02150786309,0.086740723233,0.045454545455,-0.036197212399,0.103820418735,0.062377786469,0.021903184244,-0.004142651297,0.076143968168,projected
Belize,BLZ,UM,0.03231933608,0.01244,0.090712,0.03231933608,unadjusted,0,10,-0.025906735751,-0.026595744681,0.021857923497,0.042780748663,-0.116239316239,0.183752417795,0.096405228758,0.02086438152,0.043795620438,0.053146853147,projected
Benin,BEN,LM,0.03670991778,0.01244,0.074681,0.03670991778,unadjusted,0,10,-0.054545454545,-0.019230769231,0.098039215686,0.044642857143,0.017094017094,0.075630252101,0.0625,0.022058823529,0.028776978417,0.118881118881,projected
Bermuda,BMU,H,0.032610611669,0.01244,0.071689,0.032610611669,unadjusted,0,9,0.014335193381,0.076164279617,0.032610611669,-0.00204848071,-0.051915839891,0.086693730266,0.092146770712,0.014442079659,0.044282931215,,projected
Bhutan,BTN,LM,0.05764203985,0.01244,0.074681,0.05764203985,unadjusted,0,10,0.051094890511,0.027777777778,0.064189189189,0.069841269841,-0.097922848665,0.085526315789,0.090909090909,0.036111111111,0.048257372654,0.102301790281,projected
Bolivia,BOL,LM,0.056312656642,0.01244,0.074681,0.056312656642,unadjusted,0,10,0.027397260274,0.083333333333,0.147692307692,0.117962466488,-0.131894484412,0.102209944751,0.050125313283,0.009546539379,-0.016548463357,0.0625,projected
Bosnia and Herzegovina,BIH,UM,0.077174770755,0.01244,0.090712,0.077174770755,unadjusted,0,10,-0.013618677043,0,0.128205128205,0.08041958042,-0.003236245955,0.131493506494,0.106169296987,0.073929961089,0.064009661836,0.128263337117,projected
Botswana,BWA,UM,0.029177312893,0.01244,0.090712,0.029177312893,unadjusted,0,10,-0.013029315961,0.024752475248,0.075684380032,0.062874251497,-0.070422535211,0.127272727273,0.033602150538,0.059817945384,-0.066257668712,-0.028909329829,projected
Brazil,BRA,UM,0.028401527173,0.01244,0.090712,0.028401527173,unadjusted,0,10,-0.123910939013,-0.024309392265,0.055492638732,0.009656652361,-0.141339001063,-0.002475247525,0.047146401985,0.10308056872,0.066595059076,0.062437059416,projected
British Virgin Islands,VGB,H,,0.01244,0.071689,,frozen,,0,,,,,,,,,,,frozen - only 0 of 10 annual rates
Brunei Darussalam,BRN,H,-0.019253930654,0.01244,0.071689,0.01244,raised by floor,0.031693930654,10,-0.14693556836,-0.102548357384,-0.015053027711,0.095866620354,-0.023454833597,-0.029860434924,0.036132485781,0.110429447853,0.047397499273,-0.034147695725,projected - raised from -1.9% to the 1.244% floor
Bulgaria,BGR,H,0.102385170518,0.01244,0.071689,0.071689,cut by cap,-0.030696170518,10,-0.005312084993,0.032042723632,0.146183699871,0.119638826185,0.017137096774,0.161546085233,0.117747440273,0.087022900763,0.079353932584,0.156798959011,projected - cut from 10.2% to the H p90 cap of 7.17%
Burkina Faso,BFA,L,0.025893752088,0.01244,0.055948,0.025893752088,unadjusted,0,10,-0.044117647059,0,0.123076923077,0.027397260274,0.04,0.051282051282,0.024390243902,0,0.011904761905,0.152941176471,projected
Burundi,BDI,L,0,0.01244,0.055948,0.01244,raised by floor,0.01244,10,0,0,0.041666666667,0,-0.04,0.041666666667,0.12,0,-0.107142857143,-0.04,projected - raised from 0.0% to the 1.244% floor
Cabo Verde,CPV,UM,0.068126749384,0.01244,0.090712,0.068126749384,unadjusted,0,10,-0.011049723757,0.011173184358,0.116022099448,0.094059405941,-0.205882352941,0.102564102564,0.175710594315,0.041758241758,0.042194092827,0.131578947368,projected
Cambodia,KHM,LM,0.074593044765,0.01244,0.074681,0.074593044765,unadjusted,0,10,0.083916083916,0.090322580645,0.136094674556,0.09375,-0.02380952381,0.034146341463,0.070754716981,0.052863436123,0.066945606695,0.078431372549,projected
Cameroon,CMR,LM,0.019181991122,0.01244,0.074681,0.019181991122,unadjusted,0,10,-0.039215686275,-0.040816326531,0.078014184397,0.026315789474,-0.012820512821,0.045454545455,0.031055900621,0.012048192771,0.005952380952,0.100591715976,projected
Canada,CAN,H,0.028610435865,0.01244,0.071689,0.028610435865,unadjusted,0,10,-0.077343421606,-0.02277904328,0.05034965035,0.03373280071,-0.057535422928,0.117995444191,0.101670741646,0.023488071019,-0.022226237803,0.042690815006,projected
Cayman Islands,CYM,H,0.084883964039,0.01244,0.071689,0.071689,cut by cap,-0.013194964039,9,0.076524870583,0.084883964039,0.115436500289,0.114720110574,-0.032548047117,0.221723806472,-0.030159979019,0.000135208221,0.107476003785,,projected - cut from 8.5% to the H p90 cap of 7.17%
Central African Republic,CAF,L,0.033228676086,0.01244,0.055948,0.033228676086,unadjusted,0,10,0.025641025641,0.05,0.119047619048,0.063829787234,-0.02,0.040816326531,0.019607843137,0.019230769231,-0.037735849057,0.098039215686,projected
Chad,TCD,L,0.010989010989,0.01244,0.055948,0.01244,raised by floor,0.001450989011,10,-0.16814159292,-0.117021276596,0.072289156627,0.044943820225,-0.043010752688,0,0.033707865169,-0.010869565217,0.021978021978,0.043010752688,projected - raised from 1.1% to the 1.244% floor
Channel Islands,CHI,H,,0.01244,0.071689,,frozen,,0,,,,,,,,,,,frozen - only 0 of 10 annual rates
Chile,CHL,H,0.025797134966,0.01244,0.071689,0.025797134966,unadjusted,0,10,-0.0546875,-0.00826446281,0.095454545455,0.016597510373,-0.118367346939,0.141203703704,0.043272481406,0.034996759559,-0.008140262993,0.070707070707,projected
China,CHN,UM,0.050129789684,0.01244,0.090712,0.050129789684,unadjusted,0,10,0.039800995025,0.056220095694,0.100792751982,0.081275720165,0.021883920076,0.137802607076,0.077741407529,0.044039483675,-0.006545454545,0.041727672035,projected
Colombia,COL,UM,0.041857069768,0.01244,0.090712,0.041857069768,unadjusted,0,10,-0.11590296496,-0.080792682927,0.053067993367,0.044094488189,-0.117647058824,0.078632478632,0.039619651347,0.030487804878,0.048816568047,0.114245416079,projected
Comoros,COM,LM,0.026001435144,0.01244,0.074681,0.026001435144,unadjusted,0,10,-0.047297297297,-0.021276595745,0.079710144928,0.026845637584,0,0.039215686275,0.025157232704,0.024539877301,0.035928143713,0.127167630058,projected
"Congo, Dem. Rep.",COD,L,0.044466403162,0.01244,0.055948,0.044466403162,unadjusted,0,10,0,-0.04347826087,0.045454545455,0,0.04347826087,0.104166666667,0.150943396226,0.114754098361,0,0.058823529412,projected
"Congo, Rep.",COG,LM,0.01367053308,0.01244,0.074681,0.01367053308,unadjusted,0,10,-0.266233766234,-0.230088495575,0.189655172414,0.053140096618,0.022935779817,-0.085201793722,0.063725490196,0.064516129032,-0.017316017316,0.004405286344,projected
Costa Rica,CRI,H,0.051472112161,0.01244,0.071689,0.051472112161,unadjusted,0,10,0.037140204271,0.036705461056,0.044905008636,0.017355371901,-0.043054427295,0.08234295416,0.058039215686,0.062268346924,0.096301465457,0.141311266709,projected
Croatia,HRV,H,0.074404230887,0.01244,0.071689,0.071689,cut by cap,-0.002715230887,10,-0.035372144436,0.019862490451,0.098876404494,0.074982958419,-0.045022194039,0.154714475432,0.11385853939,0.073825503356,0.06875,0.140800719748,projected - cut from 7.4% to the H p90 cap of 7.17%
Cuba,CUB,UM,0.0497542156,0.01244,0.090712,,frozen,,4,0.035763411279,0.06374501992,0.087390761548,0.034443168772,,,,,,,frozen - only 4 of 10 annual rates
Curaçao,CUW,H,0.032364234778,0.01244,0.071689,0.032364234778,unadjusted,0,9,-0.027689030884,-0.001642935378,0.032364234778,0.017003188098,-0.154127481714,0.108709079679,0.140947075209,0.044921875,0.054672897196,,projected
Cyprus,CYP,H,0.030796487507,0.01244,0.071689,0.030796487507,unadjusted,0,10,-0.04873294347,0.008196721311,0.10243902439,0.046460176991,-0.056377730796,0.103808812547,0.079161028417,0.015047021944,0.015132798023,0.098570124734,projected
Czechia,CZE,H,0.05796895605,0.01244,0.071689,0.05796895605,unadjusted,0,10,-0.03707742639,0.039071347678,0.128065395095,0.084057971014,-0.011140819964,0.149166291122,0.067058823529,0.04887908857,0.036089698669,0.114643219479,projected
Côte d'Ivoire,CIV,LM,0.041707446375,0.01244,0.074681,0.041707446375,unadjusted,0,10,0,-0.005319148936,0.07486631016,0.054726368159,0,0.084905660377,0.060869565217,0.02868852459,0.003984063745,0.103174603175,projected
Denmark,DNK,H,0.018987265018,0.01244,0.071689,0.018987265018,unadjusted,0,10,-0.041756420878,-0.02126923742,0.079328621908,0.031592732035,-0.00491907331,0.113219582204,0.031943847586,0.000555247085,0.006381798002,0.064102564103,projected
Djibouti,DJI,LM,0.059313151242,0.01244,0.074681,0.059313151242,unadjusted,0,10,0.039473684211,0.033755274262,0.061224489796,0.069230769231,0,0.075539568345,0.107023411371,0.057401812689,0.04,0.087912087912,projected
Dominica,DMA,UM,0.05258790078,0.01244,0.090712,0.05258790078,unadjusted,0,10,0.065246338216,0.00875,0.100371747212,0.052927927928,-0.119786096257,0.052247873633,0.124711316397,0.025667351129,-0.006006006006,0.076535750252,projected
Dominican Republic,DOM,UM,0.052423065861,0.01244,0.090712,0.052423065861,unadjusted,0,10,0.043276661515,0.025185185185,0.098265895954,0.044736842105,-0.108312342569,0.152542372881,0.121323529412,0.060109289617,0.062886597938,0.030067895247,projected
Ecuador,ECU,UM,0.01717889147,0.01244,0.090712,0.01717889147,unadjusted,0,10,-0.036850921273,0.031304347826,0.032040472175,-0.003267973856,-0.113114754098,0.127541589649,0.073770491803,0.003053435115,-0.025875190259,0.0765625,projected
"Egypt, Arab Rep.",EGY,LM,-0.037667604399,0.01244,0.074681,0.01244,raised by floor,0.050107604399,10,0.032258064516,-0.1,-0.059027777778,-0.025830258303,0.121212121212,0.172297297297,0.164265129683,-0.049504950495,-0.0859375,-0.071225071225,projected - raised from -3.8% to the 1.244% floor
El Salvador,SLV,UM,0.047466239883,0.01244,0.090712,0.047466239883,unadjusted,0,10,0.022727272727,0.027777777778,0.064864864865,0.048223350254,-0.0799031477,0.152631578947,0.075342465753,0.046709129512,0.028397565923,0.067061143984,projected
Equatorial Guinea,GNQ,UM,-0.038836471832,0.01244,0.090712,0.01244,raised by floor,0.051276471832,10,-0.297379032258,-0.048780487805,-0.054298642534,-0.111642743222,0.102333931777,-0.026058631922,-0.128762541806,0.195777351248,-0.028892455859,-0.026446280992,projected - raised from -3.9% to the 1.244% floor
Eritrea,ERI,L,,0.01244,0.055948,,frozen,,0,,,,,,,,,,,frozen - only 0 of 10 annual rates
Estonia,EST,H,0.042816116082,0.01244,0.071689,0.042816116082,unadjusted,0,10,-0.013756613757,0.026824034335,0.128526645768,0.0875,0.003831417625,0.123409669211,0.041147602869,0.002538071066,0.044484629295,0.118767313019,projected
Eswatini,SWZ,LM,0.017842276546,0.01244,0.074681,0.017842276546,unadjusted,0,10,-0.076271186441,0.006116207951,0.051671732523,0.063583815029,-0.067934782609,0.055393586006,0.008287292818,0.027397260274,-0.082666666667,0.084302325581,projected
Ethiopia,ETH,L,0.076907946499,0.01244,0.055948,0.055948,cut by cap,-0.020959946499,10,0.087719298246,0.08064516129,0.089552238806,0.082191780822,0.037974683544,0.073170731707,0.090909090909,0.072916666667,0.067961165049,0.009090909091,projected - cut from 7.7% to the L p90 cap of 5.59%
Faeroe Islands,FRO,H,0.008883469779,0.01244,0.071689,0.01244,raised by floor,0.003556530221,9,-0.004508409919,0.008883469779,0.085980662983,0.04960254372,-0.027415934565,0.090951565177,0.041684511064,0.006166917911,-0.004086080087,,projected - raised from 0.9% to the 1.244% floor
Fiji,FJI,UM,0.032937056796,0.01244,0.090712,0.032937056796,unadjusted,0,10,0.039419087137,0.021956087824,0.111328125,-0.021089630931,-0.181328545781,-0.039473684211,0.198630136986,0.08,0.026455026455,0.070446735395,projected
Finland,FIN,H,0.012806261104,0.01244,0.071689,0.012806261104,unadjusted,0,10,-0.036278275715,-0.014171833481,0.075920934412,0.035281837161,0.000806614237,0.0640741487,0.024805907972,-0.023096821877,-0.021940609041,0.068458712048,projected
France,FRA,H,0.016692097066,0.01244,0.071689,0.016692097066,unadjusted,0,10,-0.051300753708,-0.023065094823,0.074501573977,0.04296875,-0.070926966292,0.116150163769,0.038600451467,-0.005216257335,-0.013327507101,0.076837909655,projected
French Polynesia,PYF,H,0.009109730849,0.01244,0.071689,0.01244,raised by floor,0.003330269151,9,-0.038594969644,0.002255299955,0.066606660666,0.035021097046,-0.096208724011,0.058186738836,0.029411764706,0.009109730849,-0.011079195732,,projected - raised from 0.9% to the 1.244% floor
Gabon,GAB,UM,0.02690405274,0.01244,0.090712,0.02690405274,unadjusted,0,10,-0.056504599212,-0.130919220056,0.072115384615,0.052316890882,-0.03125,0.026392961877,0.021428571429,0.071328671329,0.027415143603,0.027954256671,projected
"Gambia, The",GMB,L,0.053201506591,0.01244,0.055948,0.053201506591,unadjusted,0,10,0,0.050847457627,0.096774193548,0.058823529412,0,0.055555555556,0.092105263158,0.048192771084,0.011494252874,0.056818181818,projected
Georgia,GEO,UM,0.104132998563,0.01244,0.090712,0.090712,cut by cap,-0.013420998563,10,-0.071111111111,-0.011961722488,0.108958837772,0.043668122271,-0.094142259414,0.099307159353,0.195378151261,0.179261862917,0.172876304024,0.142312579416,projected - cut from 10.4% to the UM p90 cap of 9.07%
Germany,DEU,H,0.018191236297,0.01244,0.071689,0.018191236297,unadjusted,0,10,-0.026829791801,-0.013453903838,0.090319695953,0.032396965348,-0.03594836147,0.088792748249,0.044465468307,0.003985507246,-0.005954529051,0.092757306226,projected
Ghana,GHA,LM,0.028696936324,0.01244,0.074681,0.028696936324,unadjusted,0,10,-0.063829787234,0.039772727273,0.125683060109,0.053398058252,-0.023041474654,0.061320754717,0.008888888889,0.017621145374,-0.021645021645,0.163716814159,projected
Gibraltar,GIB,H,,0.01244,0.071689,,frozen,,0,,,,,,,,,,,frozen - only 0 of 10 annual rates
Greece,GRC,H,0.0282666491,0.01244,0.071689,0.0282666491,unadjusted,0,10,-0.071285140562,-0.032972972973,0.065399664617,0.037250786988,-0.088012139605,0.128674431503,0.080098280098,0.014558689718,0.019282511211,0.115706115266,projected
Greenland,GRL,H,,0.01244,0.071689,,frozen,,0,,,,,,,,,,,frozen - only 0 of 10 annual rates
Grenada,GRD,UM,0.063955793672,0.01244,0.090712,0.063955793672,unadjusted,0,10,0.079622132254,0.05,0.097619047619,0.019522776573,-0.107446808511,0.059594755662,0.122609673791,0.012024048096,0.068316831683,0.08063021316,projected
Guam,GUM,H,,0.01244,0.071689,,frozen,,0,,,,,,,,,,,frozen - only 0 of 10 annual rates
Guatemala,GTM,UM,0.057591699405,0.01244,0.090712,0.057591699405,unadjusted,0,10,0.041551246537,0.058510638298,0.072864321608,0.051522248244,-0.028953229399,0.100917431193,0.0875,0.047892720307,0.056672760512,0.100346020761,projected
Guinea,GIN,LM,0.074813432836,0.01244,0.074681,0.074681,cut by cap,-0.000132432836,10,0.027027027027,0.052631578947,0.075,0.127906976744,0.061855670103,0.087378640777,0.142857142857,0.046875,0.074626865672,0.201388888889,projected - cut from 7.5% to the LM p90 cap of 7.47%
Guinea-Bissau,GNB,L,0.055641541557,0.01244,0.055948,0.055641541557,unadjusted,0,10,0,0.059701492537,0.056338028169,0.133333333333,0.011764705882,0.058139534884,0.054945054945,0.010416666667,0.010309278351,0.112244897959,projected
Guyana,GUY,H,0.06237745098,0.01244,0.071689,0.06237745098,unadjusted,0,10,0.014466546112,0.046345811052,0.039182282794,0.045901639344,0.26802507837,-0.034610630408,0.879641485275,0.210490463215,0.485649971863,0.078409090909,projected
Haiti,HTI,LM,0.019024247001,0.01244,0.074681,0.019024247001,unadjusted,0,10,-0.034965034965,-0.007246376812,0.043795620438,-0.013986013986,-0.049645390071,0.082089552239,0.110344827586,0.080745341615,-0.005747126437,0.161849710983,projected
Honduras,HND,LM,0.054840538152,0.01244,0.074681,0.054840538152,unadjusted,0,10,0.029556650246,0.057416267943,0.031674208145,0.021929824561,-0.090128755365,0.150943396226,0.106557377049,0.062962962963,0.052264808362,0.082781456954,projected
"Hong Kong SAR, China",HKG,H,0.044879468297,0.01244,0.071689,0.044879468297,unadjusted,0,10,0.043467702768,0.079357691413,0.079128934886,0.008591408591,-0.03823296355,0.120082389289,-0.006987863185,0.016111111111,0.046291233825,0.088660512106,projected
Hungary,HUN,H,0.05598979638,0.01244,0.071689,0.05598979638,unadjusted,0,10,-0.006010518407,0.00604686319,0.140495867769,0.109354413702,-0.030285035629,0.106552357624,0.062534587714,0.032291666667,0.049445005045,0.146634615385,projected
Iceland,ISL,H,0.071941342299,0.01244,0.071689,0.071689,cut by cap,-0.000252342299,10,0.113597893549,0.060124978889,0.160426955552,0.037342119714,-0.116860772896,0.019031919676,0.097352941176,0.083757705709,0.000494620997,0.102706711161,projected - cut from 7.2% to the H p90 cap of 7.17%
India,IND,LM,0.064409156371,0.01244,0.074681,0.064409156371,unadjusted,0,10,0.056962025316,0.071856287425,0.100558659218,0.05076142132,-0.082125603865,0.142105263158,0.087557603687,0.055084745763,0.024096385542,0.082352941176,projected
Indonesia,IDN,UM,0.04788425837,0.01244,0.090712,0.04788425837,unadjusted,0,10,-0.005899705015,0.035608308605,0.091690544413,0.055118110236,-0.042288557214,0.072727272727,0.094430992736,0.064159292035,0.022869022869,0.040650406504,projected
"Iran, Islamic Rep.",IRN,UM,0.012327416174,0.01244,0.090712,0.01244,raised by floor,0.000112583826,10,0.012820512821,0.019891500904,-0.044326241135,-0.126159554731,-0.154989384289,0.032663316583,0.068126520681,0.154897494305,0.011834319527,-0.093567251462,projected - raised from 1.2% to the 1.244% floor
Iraq,IRQ,UM,0.011409184608,0.01244,0.090712,0.01244,raised by floor,0.001030815392,10,-0.07326007326,-0.124505928854,0.088036117381,0.145228215768,-0.144927536232,0.004237288136,0.162447257384,0.074410163339,0.018581081081,-0.056384742952,projected - raised from 1.1% to the 1.244% floor
Ireland,IRL,H,0.037474956725,0.01244,0.071689,0.037474956725,unadjusted,0,10,0.01031715705,0.028933434191,0.08638117993,0.056673997632,0.031380083253,0.149798199317,0.025651410828,0.043569830196,0.017280524723,0.08319900806,projected
Isle of Man,IMN,H,0.001149531964,0.01244,0.071689,0.01244,raised by floor,0.011290468036,8,-0.059069711826,-0.010166476045,0.071125946848,0.012465539974,-0.061441932047,-0.035822401615,0.026164311879,0.10951045385,,,projected - raised from 0.1% to the 1.244% floor
Israel,ISR,H,0.043879573303,0.01244,0.071689,0.043879573303,unadjusted,0,10,0.009214092141,0.036519871106,0.087046632124,0.0512392755,-0.017683065065,0.145626586661,0.117244157937,-0.017670393076,-0.025513950073,0.058203051422,projected
Italy,ITA,H,0.009669060685,0.01244,0.071689,0.01244,raised by floor,0.002770939315,10,-0.031679617454,-0.018827160494,0.078011953444,0.022176831048,-0.06936911219,0.127607361963,0.062568008705,-0.007936507937,-0.002838709677,0.089026915114,projected - raised from 1.0% to the 1.244% floor
Jamaica,JAM,UM,0.060028865108,0.01244,0.090712,0.060028865108,unadjusted,0,10,0.01012145749,0.062124248497,0.058490566038,0.057040998217,-0.096121416526,0.061567164179,0.114235500879,0.082018927445,0.048104956268,0.083449235049,projected
Japan,JPN,H,-0.006712711856,0.01244,0.071689,0.01244,raised by floor,0.019152711856,10,-0.022919780767,0.012238653748,0.076070528967,0.005617977528,-0.025139664804,0.078319006686,-0.01904340124,-0.080361173815,-0.087628865979,0.031476997579,projected - raised from -0.7% to the 1.244% floor
Jordan,JOR,UM,0.02306547619,0.01244,0.090712,0.02306547619,unadjusted,0,10,-0.004739336493,0.02380952381,0.041860465116,0.022321428571,-0.026200873362,0.042600896861,0.034408602151,0.016632016632,-0.002044989775,0.077868852459,projected
Kazakhstan,KAZ,UM,0.054418334251,0.01244,0.090712,0.054418334251,unadjusted,0,10,-0.230072463768,-0.084705882353,0.002570694087,0.089743589744,-0.014117647059,0.019093078759,0.100702576112,0.139361702128,0.129785247432,0.135537190083,projected
Kenya,KEN,LM,0.055555555556,0.01244,0.074681,0.055555555556,unadjusted,0,10,0.128787878788,0.03355704698,0.116883116883,0.093023255814,0.015957446809,0.083769633508,0.048309178744,-0.027649769585,-0.018957345972,0.062801932367,projected
Kiribati,KIR,LM,0.044046291872,0.01244,0.074681,0.044046291872,unadjusted,0,10,-0.143266475645,0.046822742475,0.047923322684,0.100609756098,-0.149584487535,0.026058631922,0.04126984127,0.131097560976,-0.035040431267,0.097765363128,projected
"Korea, Dem. Rep.",PRK,L,,0.01244,0.055948,,frozen,,0,,,,,,,,,,,frozen - only 0 of 10 annual rates
"Korea, Rep.",KOR,H,0.030594443385,0.01244,0.071689,0.030594443385,unadjusted,0,10,0.023896448722,0.035332252836,0.083594239198,0.03409419243,-0.022073204806,0.07,0.03044058745,-0.014770665976,-0.033403471857,0.03074829932,projected
Kosovo,XKX,UM,0.090023641826,0.01244,0.090712,0.090023641826,unadjusted,0,10,0,0.005089058524,0.088607594937,0.079069767442,-0.040948275862,0.155056179775,0.091439688716,0.121212121212,0.100158982512,0.121387283237,projected
Kuwait,KWT,H,0.055138662316,0.01244,0.071689,0.055138662316,unadjusted,0,9,-0.165192445613,-0.122279495991,0.055138662316,0.103277674706,-0.070908071749,0.085671191554,0.08696860239,0.074642126789,-0.022121788773,,projected
Kyrgyz Republic,KGZ,LM,0.075252104026,0.01244,0.074681,0.074681,cut by cap,-0.000571104026,10,-0.060344827586,0,0.100917431193,0.033333333333,-0.024193548387,0.04958677686,0.212598425197,0.194805194805,0.228260869565,0.238938053097,projected - cut from 7.5% to the LM p90 cap of 7.47%
Lao PDR,LAO,LM,0.018267996445,0.01244,0.074681,0.018267996445,unadjusted,0,10,0.076530612245,0.061611374408,0.098214285714,0.024390243902,-0.019841269841,0.012145748988,-0.08,-0.082608695652,-0.052132701422,0.075,projected
Latvia,LVA,H,0.04361143333,0.01244,0.071689,0.04361143333,unadjusted,0,10,-0.019204389575,0.004195804196,0.114902506964,0.062460961899,0.01998824221,0.112968299712,0.068358363542,0.017935046049,0.024761904762,0.160780669145,projected
Lebanon,LBN,LM,-0.040431266846,0.01244,0.074681,0.01244,raised by floor,0.052871266846,9,0.042119565217,0.076923076923,0.053268765133,-0.008045977011,-0.264194669757,-0.248818897638,-0.134171907757,-0.101694915254,-0.040431266846,,projected - raised from -4.0% to the 1.244% floor
Lesotho,LSO,LM,0.004610000673,0.01244,0.074681,0.01244,raised by floor,0.007829999327,10,-0.03125,-0.064516129032,0.077586206897,0.032,-0.093023255814,0.017094017094,0.067226890756,-0.007874015748,-0.015873015873,0.032258064516,projected - raised from 0.5% to the 1.244% floor
Liberia,LBR,L,0.032006245121,0.01244,0.055948,0.032006245121,unadjusted,0,10,-0.016129032258,0.016393442623,0,-0.032258064516,-0.05,0.105263157895,0.047619047619,0.075757575758,0.056338028169,0.106666666667,projected
Libya,LBY,UM,0.00890777276,0.01244,0.090712,0.01244,raised by floor,0.00353222724,10,-0.083632019116,0.272490221643,0.127049180328,-0.081818181818,-0.306930693069,-0.007142857143,-0.135251798561,0.024958402662,0.102272727273,0.067746686303,projected - raised from 0.9% to the 1.244% floor
Liechtenstein,LIE,H,,0.01244,0.071689,,frozen,,0,,,,,,,,,,,frozen - only 0 of 10 annual rates
Lithuania,LTU,H,0.075338000309,0.01244,0.071689,0.071689,cut by cap,-0.003649000309,10,-0.021681997372,0.024848891874,0.150065530799,0.094017094017,0.03125,0.113131313131,0.08166969147,0.063758389262,0.069006309148,0.125046108447,projected - cut from 7.5% to the H p90 cap of 7.17%
Luxembourg,LUX,H,0.019146181427,0.01244,0.071689,0.019146181427,unadjusted,0,10,0.00271997824,0.028075410281,0.056992084433,-0.01048427359,0.010216952573,0.084405044325,-0.03062751871,0.050956170567,-0.043286618445,0.130773774365,projected
"Macao SAR, China",MAC,H,0.055010271627,0.01244,0.071689,0.055010271627,unadjusted,0,9,0.029142955682,0.120810991957,0.088055015697,-0.016213245397,-0.38812849162,0.055010271627,-0.021852012116,0.432868834329,0.079345476999,,projected
Madagascar,MDG,L,0.030833333333,0.01244,0.055948,0.030833333333,unadjusted,0,10,-0.042553191489,0,0.066666666667,0.041666666667,-0.1,0.044444444444,0.063829787234,0.02,0.019607843137,0.076923076923,projected
Malawi,MWI,L,0.01875,0.01244,0.055948,0.01875,unadjusted,0,10,-0.039215686275,-0.020408163265,0.020833333333,0.102040816327,0.037037037037,0.071428571429,0.016666666667,0.016393442623,-0.08064516129,0.052631578947,projected
Malaysia,MYS,UM,0.023719294303,0.01244,0.090712,0.023719294303,unadjusted,0,10,-0.053140096618,-0.024489795918,0.066945606695,0.053921568627,-0.059534883721,0.040553907023,0.104562737643,0.006884681583,-0.004273504274,0.062660944206,projected
Maldives,MDV,UM,0.070050509001,0.01244,0.090712,0.070050509001,unadjusted,0,10,0.062119366626,0.077981651376,0.087234042553,0.049902152642,-0.342963653308,0.326241134752,0.130481283422,0.05298013245,0.03683737646,0.122183708839,projected
Mali,MLI,L,0.026030022357,0.01244,0.055948,0.026030022357,unadjusted,0,10,-0.022471910112,-0.011494252874,0.081395348837,0.032258064516,-0.03125,0.032258064516,0.041666666667,0.01,0.019801980198,0.087378640777,projected
Malta,MLT,H,0.050770218147,0.01244,0.071689,0.050770218147,unadjusted,0,10,-0.064782096584,0.120486985726,0.087673285875,0.027557698932,-0.097888032182,0.205499814195,0.073982737361,0.025258323766,0.022956326988,0.134099616858,projected
Marshall Islands,MHL,UM,0.059613701754,0.01244,0.090712,0.059613701754,unadjusted,0,10,0.016064257028,0.049407114625,0.13747645951,0.120860927152,-0.023633677991,0.016641452345,0.127976190476,0.050131926121,0.069095477387,0.141010575793,projected
Mauritania,MRT,LM,0.035601444369,0.01244,0.074681,0.035601444369,unadjusted,0,10,-0.077380952381,0.006451612903,0.076923076923,0.02380952381,0,0.052325581395,0.110497237569,0.064676616915,-0.014018691589,0.047393364929,projected
Mauritius,MUS,UM,0.038699850181,0.01244,0.090712,0.038699850181,unadjusted,0,10,-0.000938086304,0.034741784038,0.106170598911,0.042657916325,-0.151848937844,0.011131725417,0.083486238532,0.060965283658,0.03431763767,0.083333333333,projected
Mexico,MEX,UM,0.047800468312,0.01244,0.090712,0.047800468312,unadjusted,0,10,-0.079395085066,-0.048254620123,0.031283710895,0.031380753138,-0.095334685598,0.107623318386,0.086032388664,0.1174277726,0.064220183486,0.076018808777,projected
"Micronesia, Fed. Sts.",FSM,UM,0.030172888828,0.01244,0.090712,0.030172888828,unadjusted,0,10,-0.017341040462,0.008823529412,-0.002915451895,0.125730994152,0.057142857143,0.004914004914,-0.017114914425,0.062189054726,0.051522248244,0.06013363029,projected
Moldova,MDA,UM,0.115279422383,0.01244,0.090712,0.090712,cut by cap,-0.024567422383,10,-0.036474164134,0.041009463722,0.166666666667,0.166233766234,-0.028953229399,0.20871559633,0.051233396584,0.128158844765,0.1024,0.168359941945,projected - cut from 11.5% to the UM p90 cap of 9.07%
Monaco,MCO,H,,0.01244,0.071689,,frozen,,0,,,,,,,,,,,frozen - only 0 of 10 annual rates
Mongolia,MNG,UM,0.072909341509,0.01244,0.090712,0.072909341509,unadjusted,0,10,-0.082228116711,-0.075144508671,0.140625,0.041095890411,-0.028947368421,0,0.176151761518,0.122119815668,0.104722792608,0.154275092937,projected
Montenegro,MNE,UM,0.098338858838,0.01244,0.090712,0.090712,cut by cap,-0.007626858838,10,-0.018181818182,0.031339031339,0.139502762431,0.087272727273,-0.132664437012,0.185089974293,0.130151843818,0.109404990403,0.056228373702,0.158886158886,projected - cut from 9.8% to the UM p90 cap of 9.07%
Morocco,MAR,LM,0.020452684089,0.01244,0.074681,0.020452684089,unadjusted,0,10,-0.045454545455,0.003174603175,0.069620253165,0.038461538462,-0.071225071225,0.113496932515,0.019283746556,0.021621621622,0.015873015873,0.135416666667,projected
Mozambique,MOZ,L,0.019463340892,0.01244,0.055948,0.019463340892,unadjusted,0,10,-0.179104477612,-0.127272727273,-0.020833333333,0.063829787234,-0.04,0.020833333333,0.020408163265,0.08,0.018518518519,0.036363636364,projected
Myanmar,MMR,LM,0,0.01244,0.074681,0.01244,raised by floor,0.01244,10,0,0,0.065040650407,0.053435114504,-0.04347826087,-0.060606060606,0.032258064516,-0.046875,-0.008196721311,0.090909090909,projected - raised from 0.0% to the 1.244% floor
Namibia,NAM,LM,0.001184487282,0.01244,0.074681,0.01244,raised by floor,0.011255512718,10,-0.11583011583,-0.032751091703,0.054176072235,0.042826552463,-0.129363449692,-0.02358490566,0.033816425121,0.007009345794,-0.00464037123,0.011655011655,projected - raised from 0.1% to the 1.244% floor
Nauru,NRU,H,0.067788581419,0.01244,0.071689,0.067788581419,unadjusted,0,10,-0.0441898527,-0.032534246575,0.127433628319,0.243328100471,0.084595959596,0.142025611176,0.064729867482,0.070847295357,-0.019222172553,-0.056973564266,projected
Nepal,NPL,LM,0.055615489439,0.01244,0.074681,0.055615489439,unadjusted,0,10,-0.011494252874,0.127906976744,0.154639175258,0.107142857143,-0.040322580645,0.050420168067,0.104,0.036231884058,0.034965034965,0.060810810811,projected
Netherlands,NLD,H,0.019627109545,0.01244,0.071689,0.019627109545,unadjusted,0,10,-0.054560096638,-0.005323679727,0.098051809034,0.032170013648,-0.027389497544,0.156729462031,0.042813969107,0.007084205442,-0.000799360512,0.09648,projected
New Caledonia,NCL,H,-0.00683176772,0.01244,0.071689,,frozen,,5,,,,,-0.00683176772,0.015190599026,0.044042913608,-0.007301243916,-0.180877145192,,frozen - only 5 of 10 annual rates
New Zealand,NZL,H,-0.000803447906,0.01244,0.071689,0.01244,raised by floor,0.013243447906,10,-0.030004918839,-0.016480730223,0.071667955659,0.036564830407,-0.028080761197,0.092406876791,0.073005464481,0.00774088409,-0.048514251061,-0.009347779902,projected - raised from -0.1% to the 1.244% floor
Nicaragua,NIC,LM,0.040169267524,0.01244,0.074681,0.040169267524,unadjusted,0,10,0.03664921466,0.035353535354,-0.029268292683,-0.030150753769,-0.062176165803,0.138121546961,0.043689320388,0.097674418605,0.063559322034,0.135458167331,projected
Niger,NER,L,0.026013309135,0.01244,0.055948,0.026013309135,unadjusted,0,10,-0.071428571429,0,0.115384615385,0.034482758621,-0.05,0.017543859649,0.120689655172,-0.015384615385,0.046875,0.119402985075,projected
Nigeria,NGA,LM,-0.076850542197,0.01244,0.074681,0.01244,raised by floor,0.089290542197,10,-0.141304347826,-0.147679324895,-0.034653465347,0.158974358974,0.088495575221,0.162601626016,0.027972027972,-0.119047619048,-0.339768339768,-0.204678362573,projected - raised from -7.7% to the 1.244% floor
North Macedonia,MKD,UM,0.06131800594,0.01244,0.090712,0.06131800594,unadjusted,0,10,-0.01981981982,-0.009191176471,0.122448979592,0.077685950413,-0.009202453988,0.09133126935,0.073758865248,0.048877146631,0.045340050378,0.143373493976,projected
Northern Mariana Islands,MNP,H,,0.01244,0.071689,,frozen,,0,,,,,,,,,,,frozen - only 0 of 10 annual rates
Norway,NOR,H,-0.000881562501,0.01244,0.071689,0.01244,raised by floor,0.013321562501,10,-0.122735555794,-0.068059628543,0.06463878327,0.016009852217,-0.04896969697,0.066020902371,0.162960306074,0.046982625681,-0.017772977219,-0.027191842447,projected - raised from -0.1% to the 1.244% floor
Oman,OMN,H,0.035288012455,0.01244,0.071689,0.035288012455,unadjusted,0,9,-0.097762645914,-0.102964959569,0.036658653846,0.035362318841,-0.03751399776,0.041884816754,0.075935231714,0.035288012455,-0.021553884712,,projected
Pakistan,PAK,LM,0.042723699658,0.01244,0.074681,0.042723699658,unadjusted,0,10,0.0625,0.066176470588,0.075862068966,-0.025641025641,-0.098684210526,0.036496350365,0.06338028169,-0.039735099338,-0.013793103448,0.048951048951,projected
Palau,PLW,H,0.0351226508,0.01244,0.071689,0.0351226508,unadjusted,0,10,0.055712270804,0.036740146961,0.033505154639,0.014962593516,-0.051597051597,-0.094559585492,0.008583690987,0.04609929078,0.147118644068,0.175531914894,projected
Panama,PAN,H,0.048744335544,0.01244,0.071689,0.048744335544,unadjusted,0,10,0.048528241846,0.07966616085,0.047786366831,0.048960429242,-0.164322250639,0.141545524101,0.148123324397,0.040863981319,0.00673022995,0.066295264624,projected
Papua New Guinea,PNG,LM,0.005244755245,0.01244,0.074681,0.01244,raised by floor,0.007195244755,10,-0.043650793651,-0.041493775934,0,0.047619047619,-0.004132231405,-0.016597510373,0.135021097046,0.040892193309,0.021428571429,0.01048951049,projected - raised from 0.5% to the 1.244% floor
Paraguay,PRY,UM,0.022573379831,0.01244,0.090712,0.022573379831,unadjusted,0,10,-0.037704918033,-0.010221465077,0.043029259897,-0.018151815182,-0.067226890756,0.030630630631,0.031468531469,0.050847457627,0.014516129032,0.073131955485,projected
Peru,PER,UM,0.055930710511,0.01244,0.090712,0.055930710511,unadjusted,0,10,-0.033123028391,-0.006525285481,0.067323481117,0.053846153846,-0.112408759124,0.077302631579,0.058015267176,0.024531024531,0.060563380282,0.119521912351,projected
Philippines,PHL,UM,0.045484925594,0.01244,0.090712,0.045484925594,unadjusted,0,10,0.021341463415,0.026865671642,0.049418604651,0.041551246537,-0.109042553191,0.065671641791,0.12324929972,0.077306733167,0.034722222222,0.085011185682,projected
Poland,POL,H,0.084663763909,0.01244,0.071689,0.071689,cut by cap,-0.012974763909,10,-0.043543543544,0.003139717425,0.119718309859,0.083857442348,0.008381689233,0.117007672634,0.093875214654,0.040816326531,0.08547008547,0.182028716999,projected - cut from 8.5% to the H p90 cap of 7.17%
Portugal,PRT,H,0.038839612384,0.01244,0.071689,0.038839612384,unadjusted,0,10,-0.024449877751,0.004010025063,0.100349475786,0.054900181488,-0.057634408602,0.094477407576,0.079232693912,0.017774343122,0.02277904328,0.110987379362,projected
Puerto Rico (U.S.),PRI,H,0.035129972041,0.01244,0.071689,0.035129972041,unadjusted,0,10,0.011006289308,0.010886469673,0.045128205128,0.045632973503,-0.005161895824,0.065094339623,0.092559787422,0.025131738954,0.022933965994,0.05604947816,projected
Qatar,QAT,H,0.003429950221,0.01244,0.071689,0.01244,raised by floor,0.009010049779,10,-0.136346610064,-0.119271360416,0.040873276428,0.036114177575,-0.121308980213,0.160055430452,0.060922801254,0.117945109078,-0.036006546645,-0.029254277132,projected - raised from 0.3% to the 1.244% floor
Romania,ROU,H,0.081652081151,0.01244,0.071689,0.071689,cut by cap,-0.009963081151,10,-0.015608740895,0.060253699789,0.14556331007,0.10182767624,0.004739336493,0.114779874214,0.08533145275,0.077972709552,0.060880048222,0.147159090909,projected - cut from 8.2% to the H p90 cap of 7.17%
Russian Federation,RUS,H,0.081541197624,0.01244,0.071689,0.071689,cut by cap,-0.009852197624,10,-0.175468483816,-0.053719008264,0.11135371179,0.099214145383,-0.047363717605,0.098499061914,0.100768573868,0.117145073701,0.064583333333,0.041095890411,projected - cut from 8.2% to the H p90 cap of 7.17%
Rwanda,RWA,L,0.058705612829,0.01244,0.055948,0.055948,cut by cap,-0.002757612829,10,0,0,0.055555555556,0.078947368421,-0.048780487805,0.089743589744,0.141176470588,0.061855670103,0.038834951456,0.07476635514,projected - cut from 5.9% to the L p90 cap of 5.59%
Samoa,WSM,UM,0.036435547307,0.01244,0.090712,0.036435547307,unadjusted,0,10,0.037783375315,-0.004854368932,0,0.041463414634,-0.044496487119,-0.022058823529,0.035087719298,0.162227602906,0.05,0.119047619048,projected
San Marino,SMR,H,0.04593400095,0.01244,0.071689,,frozen,,6,,,0.044738815296,0.047129186603,-0.073109435687,0.187823514912,0.119526872795,-0.000741427247,,,frozen - only 6 of 10 annual rates
Saudi Arabia,SAU,H,0.018485387369,0.01244,0.071689,0.018485387369,unadjusted,0,10,-0.099322799097,-0.033834586466,0.148724600086,0.09672563041,-0.075497597804,0.13140311804,0.151902887139,0.034747935061,-0.009358656758,0.002222839678,projected
Senegal,SEN,LM,0.023822451473,0.01244,0.074681,0.023822451473,unadjusted,0,10,-0.037878787879,0,0.094488188976,0.028776978417,0,0.076923076923,0.032467532468,0.018867924528,0.006172839506,0.092024539877,projected
Serbia,SRB,UM,0.099648294729,0.01244,0.090712,0.090712,cut by cap,-0.008936294729,10,-0.046698872786,-0.018581081081,0.153184165232,0.101492537313,0.055555555556,0.141206675225,0.101237345332,0.098059244127,0.08,0.161068044789,projected - cut from 10.0% to the UM p90 cap of 9.07%
Seychelles,SYC,H,0.060477500529,0.01244,0.071689,0.060477500529,unadjusted,0,10,0.059661016949,0.035188739603,0.088998763906,0.061293984109,-0.176470588235,-0.033116883117,-0.033579583613,0.135510771369,0.083231334149,0.084745762712,projected
Sierra Leone,SLE,L,-0.011834733894,0.01244,0.055948,0.01244,raised by floor,0.024274733894,10,-0.021052631579,-0.096774193548,-0.011904761905,0.024096385542,-0.011764705882,0.059523809524,0.033707865169,-0.054347826087,-0.057471264368,0.012195121951,projected - raised from -1.2% to the 1.244% floor
Singapore,SGP,H,0.034755968563,0.01244,0.071689,0.034755968563,unadjusted,0,10,0.008276899925,0.032835820896,0.01950867052,0.03667611623,-0.037942232097,0.16432758927,0.03906011596,0.020998531571,0.090464547677,0.078343445001,projected
Sint Maarten (Dutch part),SXM,H,0.035173160173,0.01244,0.071689,0.035173160173,unadjusted,0,9,0.105675760426,-0.065513329552,-0.054931714719,0.093770070649,-0.135642982971,0.067595108696,0.175946547884,0.035173160173,0.018034500784,,projected
Slovak Republic,SVK,H,0.039585918364,0.01244,0.071689,0.039585918364,unadjusted,0,10,-0.050561797753,-0.01124260355,0.104727707959,0.041711809317,0.009880395216,0.081874356334,0.041884816754,0.03746002741,0.037428445619,0.120967741935,projected
Slovenia,SVN,H,0.046585885157,0.01244,0.071689,0.046585885157,unadjusted,0,10,-0.021286231884,0.01989819528,0.112068965517,0.056711546308,-0.020077220077,0.115839243499,0.044844632768,0.048327137546,0.024822695035,0.117332494495,projected
Solomon Islands,SLB,LM,-0.009950248756,0.01244,0.074681,0.01244,raised by floor,0.022390248756,10,-0.004975124378,0.01,0.064356435644,0.027906976744,-0.018099547511,-0.023041474654,-0.051886792453,-0.014925373134,-0.035353535354,0.057591623037,projected - raised from -1.0% to the 1.244% floor
"Somalia, Fed. Rep.",SOM,L,0.032795698925,0.01244,0.055948,0.032795698925,unadjusted,0,10,0.022727272727,0.111111111111,0.02,0.019607843137,-0.038461538462,0.08,0.055555555556,0.052631578947,0.033333333333,0.032258064516,projected
South Africa,ZAF,UM,0.010542269281,0.01244,0.090712,0.01244,raised by floor,0.001897730719,10,-0.088372093023,-0.005102040816,0.068376068376,0.0512,-0.097412480974,0.065767284992,0.033227848101,-0.006125574273,-0.058551617874,0.026186579378,projected - raised from 1.1% to the 1.244% floor
South Sudan,SSD,L,,0.01244,0.055948,,frozen,,0,,,,,,,,,,,frozen - only 0 of 10 annual rates
Spain,ESP,H,0.026081492606,0.01244,0.071689,0.026081492606,unadjusted,0,10,-0.03275261324,-0.016930835735,0.082081348479,0.034879783271,-0.10307591623,0.108354615104,0.076036866359,0.008871214439,0.017283201941,0.106408345753,projected
Sri Lanka,LKA,UM,0.028157945643,0.01244,0.090712,0.028157945643,unadjusted,0,10,0.025510204082,0.049751243781,0.030805687204,-0.029885057471,-0.080568720379,0.033505154639,-0.097256857855,-0.019337016575,0.09014084507,0.206718346253,projected
St. Kitts and Nevis,KNA,H,0.045834937826,0.01244,0.071689,0.045834937826,unadjusted,0,10,0.051955008034,0.039714867617,0.073947110676,0.079343365253,-0.182931981411,-0.013960703206,0.12323020451,0.021008403361,0.004115226337,0.117030965392,projected
St. Lucia,LCA,UM,0.060855564804,0.01244,0.090712,0.060855564804,unadjusted,0,10,0.076496674058,0.056642636457,0.077972709552,0,-0.213381555154,0.152873563218,0.164506480558,0.065068493151,0.032154340836,0.044392523364,projected
St. Martin (French part),MAF,H,,0.01244,0.071689,,frozen,,0,,,,,,,,,,,frozen - only 0 of 10 annual rates
St. Vincent and the Grenadines,VCT,UM,0.061256086652,0.01244,0.090712,0.061256086652,unadjusted,0,10,0.052039381153,0.033422459893,0.082794307891,0.039426523297,-0.03908045977,0.043062200957,0.091743119266,0.072478991597,0.097943192948,0.07047279215,projected
Sudan,SDN,L,-0.058615819209,0.01244,0.055948,0.01244,raised by floor,0.071055819209,10,-0.033898305085,-0.114035087719,-0.19801980198,-0.111111111111,-0.166666666667,0.033333333333,0.161290322581,-0.083333333333,0.075757575758,0.267605633803,projected - raised from -5.9% to the 1.244% floor
Suriname,SUR,UM,0.019496658312,0.01244,0.090712,0.019496658312,unadjusted,0,10,-0.221052631579,-0.144144144144,0.005263157895,0.047120418848,-0.215,-0.046709129512,0.122494432071,0.03373015873,0.092130518234,0.079086115993,projected
Sweden,SWE,H,-0.000572429734,0.01244,0.071689,0.01244,raised by floor,0.013012429734,10,-0.069948186528,-0.029897864438,0.051493108729,0.021299836155,-0.026916221034,0.096171459974,0.034926470588,-0.022444695624,-0.033531549389,0.076909929927,projected - raised from -0.1% to the 1.244% floor
Switzerland,CHE,H,0.010190445371,0.01244,0.071689,0.01244,raised by floor,0.002249554629,10,-0.044242768009,-0.029198813056,0.036312507642,-0.00707881076,-0.01200095057,0.105231509321,0.065505984766,0.002450980392,0.01792991035,0.104183346677,projected - raised from 1.0% to the 1.244% floor
Syrian Arab Republic,SYR,L,-0.04,0.01244,0.055948,,frozen,,7,-0.166666666667,-0.04,0.125,0.197530864198,-0.154639175258,-0.109756097561,-0.013698630137,,,,frozen - only 7 of 10 annual rates
São Tomé and Príncipe,STP,LM,0.091978752448,0.01244,0.074681,0.074681,cut by cap,-0.017297752448,10,0.014285714286,0.014084507042,0.152777777778,0.090361445783,0.121546961326,0.093596059113,0.27027027027,-0.003546099291,0.035587188612,0.305841924399,projected - cut from 9.2% to the LM p90 cap of 7.47%
"Taiwan, China",TWN,H,,0.01244,0.071689,,frozen,,0,,,,,,,,,,,frozen - only 0 of 10 annual rates
Tajikistan,TJK,LM,0.039705882353,0.01244,0.074681,0.039705882353,unadjusted,0,10,-0.113821138211,-0.082568807339,0,0.05,-0.019047619048,0.097087378641,0.203539823009,0.029411764706,0.178571428571,0.260606060606,projected
Tanzania,TZA,LM,0.02456388496,0.01244,0.074681,0.02456388496,unadjusted,0,10,-0.010309278351,0,0.052083333333,0.039603960396,0.009523809524,0.066037735849,0.070796460177,0.00826446281,-0.008196721311,0.04958677686,projected
Thailand,THA,UM,0.022198895253,0.01244,0.090712,0.022198895253,unadjusted,0,10,-0.001798561151,0.045045045045,0.108620689655,0.099533437014,-0.022630834512,0.027496382055,0.016901408451,-0.001385041551,-0.011095700416,0.078541374474,projected
Timor-Leste,TLS,LM,-0.029659111351,0.01244,0.074681,0.01244,raised by floor,0.042099111351,10,-0.206422018349,0.028901734104,0.005617977528,0.217877094972,-0.064220183486,0.004901960784,-0.112195121951,0.043956043956,-0.131578947368,-0.084848484848,projected - raised from -3.0% to the 1.244% floor
Togo,TGO,LM,0.042853020392,0.01244,0.074681,0.042853020392,unadjusted,0,10,-0.043956043956,-0.022988505747,0.082352941176,0.032608695652,0.021052631579,0.072164948454,0.086538461538,0.053097345133,0.025210084034,0.106557377049,projected
Tonga,TON,UM,0.04556427959,0.01244,0.090712,0.04556427959,unadjusted,0,10,0.014218009479,0.039719626168,0.044943820225,0.070967741935,0.046184738956,0.00575815739,0.028625954198,0.096474953618,0.060913705584,0.090909090909,projected
Trinidad and Tobago,TTO,H,-0.021276802446,0.01244,0.071689,0.01244,raised by floor,0.033716802446,10,-0.134624697337,-0.052602126469,-0.007678676905,0.02619047619,-0.127610208817,0.084441489362,-0.012875536481,0.234782608696,-0.02967806841,-0.038361845516,projected - raised from -2.1% to the 1.244% floor
Tunisia,TUN,LM,-0.005141388175,0.01244,0.074681,0.01244,raised by floor,0.017581388175,10,-0.048426150121,-0.058524173028,0,-0.02972972973,-0.089136490251,0.113149847095,0.068681318681,-0.01028277635,0.007792207792,0.10824742268,projected - raised from -0.5% to the 1.244% floor
Turkmenistan,TKM,UM,-0.021932574383,0.01244,0.090712,0.01244,raised by floor,0.034372574383,10,-0.065079365079,-0.108658743633,-0.106666666667,-0.07249466951,-0.03908045977,-0.004784688995,0.079326923077,0.075723830735,0.167701863354,0.124113475177,projected - raised from -2.2% to the 1.244% floor
Turks and Caicos Islands,TCA,H,0.069413511507,0.01244,0.071689,0.069413511507,unadjusted,0,9,0.069413511507,0.427629295384,-0.107950401167,-0.14118288362,-0.338622659473,0.318618042226,0.149563318777,0.141500474834,0.01941209096,,projected
Tuvalu,TUV,UM,0.034293390609,0.01244,0.090712,0.034293390609,unadjusted,0,10,-0.046017699115,-0.012987012987,0.171052631579,0.101123595506,0.008746355685,0.078034682081,0,0.008042895442,0.059840425532,0.227101631117,projected
Türkiye,TUR,UM,0.022029446088,0.01244,0.090712,0.022029446088,unadjusted,0,10,-0.060430463576,-0.018502202643,-0.034111310592,-0.073420074349,-0.064192577733,0.096463022508,0.062561094819,0.102115915363,0.121035058431,0.213700670141,projected
Uganda,UGA,L,0.042123933045,0.01244,0.055948,0.042123933045,unadjusted,0,10,-0.047058823529,-0.061728395062,0.013157894737,0.051948051948,0.012345679012,0.048780487805,0.081395348837,0.043010752688,0.041237113402,0.108910891089,projected
Ukraine,UKR,UM,0.066523994129,0.01244,0.090712,0.066523994129,unadjusted,0,10,-0.155797101449,0,0.167381974249,0.202205882353,0.079510703364,0.150141643059,-0.032019704433,0.267175572519,0.050200803213,0.053537284895,projected
United Arab Emirates,ARE,H,0.046477850399,0.01244,0.071689,0.046477850399,unadjusted,0,9,-0.076215243049,-0.085534863577,0.055410845371,0.047565627103,-0.115228100236,0.046477850399,0.086976636595,0.087465418174,0.008806262231,,projected
United Kingdom,GBR,H,0.010073953333,0.01244,0.071689,0.01244,raised by floor,0.002366046667,10,-0.029576518037,-0.027014546294,0.009492168961,0.025858015985,-0.098304307974,0.165946632783,0.083042720139,-0.017911048501,0.010655737705,0.10604217356,projected - raised from 1.0% to the 1.244% floor
United States,USA,H,0.040719691558,0.01244,0.071689,0.040719691558,unadjusted,0,10,0.009055397727,0.035720570121,0.071015970099,0.044416243655,-0.018377885784,0.106452112022,0.079988812753,0.035219474298,0.037023139462,0.071161500422,projected
Uruguay,URY,H,0.048797745519,0.01244,0.071689,0.048797745519,unadjusted,0,10,-0.033977738723,0.01394784718,0.058612440191,0.038983050847,-0.122892876563,0.00557966522,0.112823674476,0.111911357341,0.096163428002,0.091818181818,projected
Uzbekistan,UZB,LM,0.059082043008,0.01244,0.074681,0.059082043008,unadjusted,0,10,0.018927444795,-0.105263157895,-0.138408304498,-0.100401606426,-0.066964285714,0.129186602871,0.110169491525,0.099236641221,0.100694444444,0.157728706625,projected
Vanuatu,VUT,LM,0.050453040008,0.01244,0.074681,0.050453040008,unadjusted,0,10,-0.002941176471,0.047197640118,0.101408450704,0.053708439898,-0.092233009709,0.066844919786,0.087719298246,-0.029953917051,-0.019002375297,0.067796610169,projected
"Venezuela, RB",VEN,LM,-0.022819562147,0.01244,0.074681,0.01244,raised by floor,0.035259562147,10,-0.30303030303,-0.198369565217,-0.050847457627,-0.153571428571,-0.295358649789,0.071856287425,0.262569832402,0.345132743363,0.263157894737,0.005208333333,projected - raised from -2.3% to the 1.244% floor
Viet Nam,VNM,UM,0.065708031401,0.01244,0.090712,0.065708031401,unadjusted,0,10,0.040650406504,0.046875,0.126865671642,0.08940397351,0.033434650456,0.041176470588,0.124293785311,0.040201005025,0.084541062802,0.106904231626,projected
Virgin Islands (U.S.),VIR,H,,0.01244,0.071689,,frozen,,0,,,,,,,,,,,frozen - only 0 of 10 annual rates
West Bank and Gaza,PSE,LM,0.03518130371,0.01244,0.074681,0.03518130371,unadjusted,0,10,0.062670299728,0.007692307692,0.066157760814,0.002386634845,-0.119047619048,0.154054054054,0.105386416862,-0.057203389831,-0.330337078652,0.090604026846,projected
"Yemen, Rep.",YEM,L,-0.092783505155,0.01244,0.055948,,frozen,,3,-0.058252427184,-0.092783505155,-0.159090909091,,,,,,,,frozen - only 3 of 10 annual rates
Zambia,ZMB,LM,-0.026324395029,0.01244,0.074681,0.01244,raised by floor,0.038764395029,10,-0.137254901961,-0.045454545455,0.103174603175,-0.007194244604,-0.195652173913,-0.054054054054,0.114285714286,0.08547008547,-0.062992125984,0.008403361345,projected - raised from -2.6% to the 1.244% floor
Zimbabwe,ZWE,LM,0.107814735336,0.01244,0.074681,0.074681,cut by cap,-0.033133735336,10,-0.067669172932,0.354838709677,0.27380952381,0.135514018692,-0.185185185185,0.176767676768,0.107296137339,-0.011627906977,-0.058823529412,0.108333333333,projected - cut from 10.8% to the LM p90 cap of 7.47%
