Economy,Code,2025 class,History,Rebase factor,1990,1991,1992,1993,1994,1995,1996,1997,1998,1999,2000,2001,2002,2003,2004,2005,2006,2007,2008,2009,2010,2011,2012,2013,2014,2015,2016,2017,2018,2019,2020,2021,2022,2023,2024,2025,2026,2027,2028,2029,2030,2031,2032,2033,2034,2035,2036,2037,2038,2039,2040,2041,2042,2043,2044,2045,2046,2047,2048,2049,2050
Afghanistan,AFG,L,WDI,1.0,12.046,12.239,13.279,14.943,16.251,17.066,17.763,18.452,19.16,19.888,20.13,20.284,21.378,22.733,23.561,24.405,25.424,25.91,26.483,27.466,28.284,29.348,30.56,31.623,32.793,33.832,34.701,35.689,36.743,37.856,39.069,40.0,40.579,41.455,42.647,43.844,45.047,46.259,47.471,48.726,50.039,51.376,52.708,54.044,55.359,56.647,57.954,59.279,60.598,61.944,63.348,64.739,66.06,67.375,68.704,70.021,71.385,72.756,74.11,75.516,76.885
Albania,ALB,UM,WDI,0.847762,3.287,3.267,3.247,3.227,3.208,3.188,3.168,3.148,3.129,3.109,3.089,3.06,3.051,3.04,3.027,3.011,2.993,2.97,2.947,2.928,2.913,2.905,2.861,2.817,2.774,2.731,2.689,2.648,2.608,2.568,2.528,2.49,2.452,2.412,2.377,2.35,2.332,2.315,2.299,2.282,2.265,2.248,2.231,2.214,2.197,2.179,2.162,2.143,2.125,2.106,2.087,2.068,2.049,2.031,2.012,1.993,1.974,1.956,1.937,1.918,1.899
Algeria,DZA,UM,WDI,1.0,25.376,25.988,26.629,27.277,27.887,28.47,29.033,29.579,30.054,30.474,30.904,31.331,31.751,32.176,32.628,33.109,33.624,34.189,34.817,35.49,36.188,36.903,37.646,38.414,39.205,40.02,40.851,41.689,42.505,43.295,44.042,44.761,45.477,46.164,46.814,47.435,48.028,48.593,49.136,49.655,50.154,50.637,51.113,51.584,52.048,52.517,52.986,53.453,53.922,54.396,54.873,55.352,55.835,56.32,56.806,57.29,57.768,58.234,58.691,59.136,59.566
American Samoa,ASM,H,WDI,1.000011,0.047,0.048,0.049,0.05,0.051,0.052,0.053,0.054,0.055,0.056,0.057,0.057,0.057,0.057,0.057,0.057,0.056,0.056,0.056,0.056,0.055,0.055,0.054,0.054,0.053,0.053,0.052,0.052,0.051,0.05,0.05,0.049,0.048,0.048,0.047,0.046,0.045,0.045,0.044,0.043,0.043,0.042,0.042,0.042,0.041,0.041,0.041,0.04,0.04,0.04,0.039,0.039,0.039,0.039,0.039,0.038,0.038,0.038,0.038,0.038,0.038
Andorra,AND,H,WDI,0.999994,0.053,0.057,0.06,0.063,0.065,0.064,0.064,0.065,0.065,0.066,0.066,0.066,0.067,0.069,0.074,0.077,0.08,0.082,0.083,0.084,0.081,0.078,0.077,0.075,0.074,0.072,0.072,0.074,0.075,0.076,0.077,0.078,0.08,0.081,0.082,0.083,0.084,0.084,0.085,0.085,0.086,0.086,0.086,0.086,0.086,0.086,0.086,0.086,0.086,0.086,0.086,0.085,0.085,0.085,0.085,0.084,0.084,0.084,0.083,0.083,0.082
Angola,AGO,LM,WDI,1.0,11.626,12.024,12.424,12.827,13.25,13.7,14.171,14.66,15.159,15.667,16.195,16.747,17.328,17.944,18.6,19.291,20.015,20.779,21.579,22.415,23.295,24.218,25.177,26.166,27.161,28.158,29.183,30.235,31.297,32.376,33.451,34.532,35.635,36.75,37.886,39.04,40.215,41.415,42.642,43.892,45.16,46.45,47.76,49.091,50.447,51.822,53.216,54.626,56.054,57.502,58.965,60.441,61.928,63.431,64.945,66.464,68.001,69.554,71.119,72.701,74.295
Antigua and Barbuda,ATG,H,WDI,1.000005,0.063,0.063,0.064,0.066,0.067,0.068,0.07,0.071,0.072,0.074,0.075,0.076,0.077,0.078,0.079,0.08,0.081,0.082,0.083,0.084,0.085,0.086,0.087,0.088,0.089,0.089,0.09,0.09,0.091,0.091,0.092,0.092,0.093,0.093,0.094,0.094,0.095,0.095,0.095,0.096,0.096,0.096,0.096,0.097,0.097,0.097,0.097,0.097,0.097,0.097,0.097,0.097,0.097,0.097,0.097,0.096,0.096,0.096,0.096,0.095,0.095
Argentina,ARG,UM,WDI,1.0,32.756,33.23,33.694,34.153,34.613,35.07,35.514,35.948,36.373,36.795,37.214,37.625,38.029,38.424,38.816,39.217,39.622,40.017,40.424,40.855,41.289,41.731,42.162,42.582,43.024,43.477,43.9,44.289,44.655,44.973,45.192,45.312,45.408,45.538,45.696,45.851,46.004,46.153,46.3,46.444,46.585,46.724,46.86,46.994,47.125,47.252,47.375,47.495,47.609,47.717,47.818,47.91,47.995,48.07,48.136,48.192,48.238,48.272,48.296,48.308,48.309
Armenia,ARM,UM,WDI,1.045501,3.552,3.614,3.572,3.453,3.365,3.308,3.279,3.246,3.208,3.167,3.221,3.212,3.2,3.183,3.165,3.146,3.127,3.107,3.087,3.066,3.045,3.028,3.024,3.022,3.014,3.005,2.992,2.979,2.969,2.962,2.962,2.962,2.969,2.964,3.034,3.087,3.064,3.043,3.022,3.002,2.981,2.961,2.941,2.921,2.902,2.882,2.863,2.844,2.825,2.806,2.787,2.768,2.75,2.732,2.714,2.697,2.679,2.662,2.644,2.626,2.609
Aruba,ABW,H,WDI,1.005895,0.063,0.066,0.069,0.074,0.078,0.08,0.083,0.086,0.088,0.09,0.091,0.091,0.092,0.093,0.095,0.098,0.099,0.1,0.101,0.102,0.102,0.103,0.104,0.106,0.107,0.108,0.109,0.109,0.109,0.109,0.109,0.108,0.107,0.107,0.108,0.109,0.109,0.109,0.109,0.109,0.108,0.108,0.108,0.108,0.108,0.107,0.107,0.107,0.106,0.106,0.106,0.105,0.105,0.104,0.104,0.103,0.103,0.102,0.102,0.101,0.101
Australia,AUS,H,WDI,1.023741,17.065,17.284,17.479,17.635,17.805,18.005,18.225,18.423,18.608,18.812,19.029,19.275,19.495,19.721,19.933,20.177,20.451,20.828,21.249,21.692,22.032,22.34,22.733,23.128,23.476,23.816,24.191,24.593,24.963,25.335,25.649,25.685,26.019,26.66,27.194,27.614,27.873,28.127,28.377,28.62,28.858,29.092,29.322,29.547,29.769,29.992,30.214,30.432,30.649,30.864,31.078,31.296,31.517,31.738,31.957,32.177,32.402,32.623,32.843,33.064,33.279
Austria,AUT,H,WDI,1.010379,7.678,7.755,7.841,7.906,7.936,7.948,7.959,7.968,7.977,7.992,8.012,8.042,8.082,8.121,8.172,8.228,8.269,8.295,8.321,8.343,8.363,8.392,8.43,8.48,8.546,8.643,8.737,8.798,8.841,8.88,8.917,8.956,9.042,9.132,9.178,9.208,9.202,9.196,9.191,9.184,9.175,9.163,9.151,9.137,9.123,9.108,9.093,9.076,9.059,9.044,9.027,9.01,8.993,8.975,8.957,8.937,8.916,8.893,8.869,8.843,8.815
Azerbaijan,AZE,UM,WDI,0.985505,7.175,7.271,7.382,7.495,7.597,7.685,7.763,7.838,7.913,7.983,8.049,8.111,8.172,8.234,8.306,8.392,8.485,8.581,8.763,8.947,9.054,9.173,9.296,9.417,9.535,9.649,9.758,9.854,9.94,10.024,10.093,10.138,10.142,10.154,10.203,10.247,10.303,10.357,10.409,10.461,10.511,10.559,10.607,10.653,10.698,10.741,10.782,10.821,10.857,10.89,10.921,10.948,10.972,10.993,11.011,11.027,11.039,11.049,11.057,11.061,11.062
"Bahamas, The",BHS,H,WDI,1.000001,0.276,0.281,0.286,0.291,0.297,0.301,0.306,0.311,0.315,0.32,0.324,0.328,0.332,0.336,0.34,0.344,0.348,0.353,0.358,0.363,0.367,0.372,0.375,0.379,0.382,0.385,0.388,0.39,0.393,0.395,0.396,0.396,0.398,0.399,0.401,0.403,0.405,0.406,0.408,0.409,0.41,0.412,0.413,0.414,0.415,0.416,0.417,0.418,0.419,0.42,0.42,0.421,0.422,0.422,0.423,0.423,0.424,0.424,0.424,0.424,0.424
Bahrain,BHR,H,WDI,0.973855,0.515,0.503,0.516,0.53,0.544,0.559,0.574,0.589,0.605,0.621,0.638,0.661,0.711,0.765,0.824,0.889,0.96,1.039,1.103,1.178,1.229,1.195,1.209,1.253,1.315,1.37,1.424,1.501,1.503,1.484,1.472,1.504,1.525,1.577,1.589,1.6,1.632,1.659,1.681,1.701,1.719,1.737,1.754,1.772,1.79,1.808,1.826,1.845,1.863,1.882,1.9,1.919,1.937,1.956,1.975,1.993,2.011,2.029,2.048,2.066,2.084
Bangladesh,BGD,LM,WDI,1.0,111.634,113.787,115.952,118.132,120.343,122.6,124.862,127.198,129.622,132.108,134.544,136.806,138.934,140.97,142.903,144.716,146.406,147.989,149.474,150.874,152.202,153.591,155.07,156.532,157.965,159.383,160.812,162.186,163.523,164.913,166.298,167.659,169.385,171.467,173.562,175.687,177.818,179.93,182.015,184.065,186.072,188.025,189.905,191.717,193.461,195.13,196.741,198.288,199.777,201.209,202.589,203.939,205.259,206.545,207.801,209.03,210.231,211.402,212.538,213.639,214.709
Barbados,BRB,H,WDI,0.999998,0.259,0.259,0.26,0.261,0.262,0.262,0.262,0.262,0.262,0.263,0.262,0.262,0.264,0.266,0.267,0.269,0.27,0.271,0.273,0.274,0.275,0.276,0.277,0.278,0.278,0.279,0.28,0.28,0.281,0.281,0.282,0.282,0.282,0.282,0.282,0.283,0.283,0.283,0.283,0.283,0.282,0.282,0.282,0.281,0.281,0.28,0.28,0.279,0.278,0.277,0.276,0.275,0.274,0.273,0.272,0.271,0.27,0.268,0.267,0.266,0.264
Belarus,BLR,UM,WDI,1.009824,10.189,10.194,10.216,10.239,10.227,10.194,10.16,10.117,10.072,10.027,9.98,9.929,9.866,9.797,9.73,9.664,9.605,9.561,9.528,9.505,9.484,9.462,9.447,9.443,9.449,9.461,9.469,9.459,9.439,9.42,9.38,9.303,9.228,9.178,9.133,9.086,9.025,8.963,8.9,8.837,8.773,8.709,8.645,8.581,8.518,8.455,8.392,8.33,8.268,8.206,8.144,8.082,8.021,7.961,7.9,7.84,7.779,7.718,7.655,7.591,7.527
Belgium,BEL,H,WDI,1.015578,9.967,10.004,10.045,10.084,10.116,10.137,10.157,10.181,10.203,10.226,10.251,10.287,10.333,10.376,10.421,10.479,10.548,10.626,10.71,10.796,10.896,11.038,11.107,11.159,11.209,11.274,11.331,11.375,11.427,11.489,11.539,11.586,11.68,11.78,11.859,11.942,11.958,11.972,11.985,11.998,12.008,12.017,12.026,12.034,12.042,12.048,12.055,12.062,12.068,12.073,12.077,12.081,12.084,12.086,12.087,12.086,12.084,12.08,12.074,12.066,12.056
Belize,BLZ,UM,WDI,1,0.183,0.187,0.191,0.195,0.199,0.204,0.21,0.217,0.225,0.233,0.241,0.248,0.256,0.264,0.272,0.28,0.288,0.296,0.304,0.313,0.32,0.327,0.334,0.342,0.349,0.356,0.365,0.373,0.38,0.386,0.391,0.395,0.403,0.411,0.417,0.423,0.429,0.434,0.44,0.445,0.45,0.455,0.46,0.464,0.469,0.473,0.477,0.481,0.485,0.488,0.492,0.495,0.498,0.501,0.503,0.506,0.508,0.51,0.513,0.515,0.517
Benin,BEN,LM,WDI,1.0,5.281,5.447,5.618,5.873,6.097,6.227,6.392,6.583,6.789,7.003,7.222,7.446,7.675,7.913,8.159,8.426,8.693,8.954,9.228,9.509,9.797,10.094,10.398,10.709,11.03,11.361,11.698,12.04,12.383,12.727,13.07,13.413,13.76,14.111,14.463,14.814,15.17,15.529,15.89,16.254,16.619,16.986,17.357,17.731,18.11,18.493,18.878,19.265,19.655,20.05,20.446,20.843,21.243,21.644,22.043,22.444,22.846,23.245,23.642,24.039,24.434
Bermuda,BMU,H,WDI,1.000008,0.058,0.058,0.058,0.059,0.059,0.06,0.06,0.06,0.061,0.061,0.062,0.062,0.062,0.062,0.063,0.063,0.063,0.063,0.063,0.064,0.064,0.064,0.064,0.064,0.064,0.063,0.063,0.064,0.064,0.064,0.064,0.065,0.065,0.065,0.065,0.065,0.064,0.064,0.064,0.064,0.064,0.064,0.063,0.063,0.063,0.063,0.063,0.062,0.062,0.062,0.061,0.061,0.06,0.06,0.06,0.059,0.059,0.058,0.058,0.057,0.057
Bhutan,BTN,LM,WDI,1.000001,0.589,0.6,0.578,0.555,0.554,0.548,0.549,0.559,0.569,0.583,0.597,0.611,0.624,0.638,0.651,0.662,0.671,0.679,0.686,0.694,0.702,0.709,0.717,0.725,0.733,0.741,0.748,0.754,0.76,0.765,0.77,0.775,0.781,0.786,0.792,0.797,0.802,0.807,0.812,0.816,0.821,0.825,0.83,0.835,0.839,0.843,0.848,0.852,0.856,0.859,0.862,0.865,0.868,0.871,0.874,0.876,0.878,0.879,0.88,0.881,0.882
Bolivia,BOL,LM,WDI,1.0,7.13,7.28,7.43,7.579,7.727,7.875,8.022,8.168,8.313,8.46,8.606,8.753,8.9,9.051,9.204,9.361,9.522,9.686,9.851,10.016,10.182,10.349,10.516,10.683,10.849,11.015,11.18,11.345,11.508,11.671,11.816,11.937,12.077,12.244,12.413,12.582,12.749,12.916,13.08,13.244,13.406,13.566,13.723,13.879,14.033,14.184,14.332,14.478,14.621,14.762,14.899,15.034,15.166,15.295,15.42,15.543,15.662,15.779,15.892,16.003,16.11
Bosnia and Herzegovina,BIH,UM,WDI,1.0,4.449,4.458,4.235,3.904,3.725,3.716,3.875,4.018,4.089,4.13,4.16,4.179,4.188,4.179,4.141,4.096,4.063,4.013,3.948,3.88,3.811,3.742,3.67,3.611,3.565,3.519,3.473,3.429,3.387,3.346,3.299,3.245,3.205,3.185,3.164,3.14,3.114,3.088,3.062,3.038,3.014,2.99,2.965,2.938,2.91,2.882,2.854,2.828,2.801,2.774,2.745,2.715,2.686,2.657,2.628,2.6,2.571,2.542,2.513,2.484,2.455
Botswana,BWA,UM,WDI,1,1.306,1.342,1.38,1.42,1.46,1.499,1.536,1.572,1.607,1.642,1.677,1.712,1.745,1.776,1.807,1.84,1.875,1.911,1.95,1.991,2.033,2.074,2.109,2.141,2.172,2.203,2.235,2.267,2.299,2.332,2.366,2.401,2.44,2.48,2.521,2.562,2.603,2.645,2.686,2.726,2.766,2.805,2.843,2.881,2.918,2.954,2.99,3.025,3.06,3.093,3.127,3.159,3.191,3.223,3.254,3.285,3.317,3.348,3.379,3.409,3.437
Brazil,BRA,UM,WDI,1,149.143,151.724,154.275,156.795,159.265,161.735,164.203,166.662,169.16,171.642,174.018,176.301,178.503,180.623,182.675,184.688,186.653,188.552,190.367,192.08,193.702,195.285,196.876,198.478,200.085,201.676,203.218,204.703,206.107,207.455,208.661,209.55,210.306,211.141,211.999,212.812,213.563,214.261,214.911,215.515,216.074,216.587,217.055,217.479,217.861,218.2,218.495,218.747,218.956,219.118,219.237,219.307,219.32,219.277,219.179,219.026,218.821,218.565,218.258,217.898,217.489
British Virgin Islands,VGB,H,WDI,1,0.016,0.016,0.017,0.017,0.017,0.018,0.018,0.019,0.019,0.02,0.02,0.021,0.021,0.022,0.023,0.024,0.024,0.025,0.026,0.027,0.028,0.029,0.03,0.032,0.033,0.034,0.034,0.033,0.035,0.036,0.037,0.038,0.038,0.039,0.039,0.04,0.04,0.04,0.04,0.04,0.041,0.041,0.041,0.041,0.041,0.041,0.041,0.041,0.041,0.041,0.041,0.041,0.041,0.041,0.041,0.041,0.041,0.041,0.041,0.041,0.04
Brunei Darussalam,BRN,H,WDI,0.999999,0.255,0.263,0.27,0.277,0.284,0.291,0.298,0.305,0.312,0.319,0.326,0.333,0.34,0.347,0.353,0.359,0.365,0.371,0.378,0.385,0.392,0.399,0.406,0.411,0.417,0.422,0.428,0.433,0.438,0.443,0.447,0.452,0.455,0.459,0.463,0.466,0.47,0.473,0.476,0.479,0.482,0.485,0.488,0.49,0.493,0.495,0.498,0.5,0.502,0.504,0.506,0.508,0.51,0.511,0.513,0.514,0.515,0.517,0.518,0.519,0.52
Bulgaria,BGR,H,WDI,0.958112,8.718,8.632,8.54,8.472,8.444,8.406,8.363,8.312,8.257,8.211,8.17,8.009,7.837,7.775,7.717,7.659,7.601,7.545,7.493,7.444,7.396,7.348,7.306,7.16,7.074,6.984,6.894,6.803,6.711,6.617,6.551,6.507,6.465,6.447,6.441,6.433,6.388,6.341,6.291,6.24,6.188,6.135,6.082,6.03,5.977,5.924,5.871,5.818,5.765,5.712,5.66,5.609,5.558,5.509,5.46,5.412,5.364,5.316,5.269,5.222,5.176
Burkina Faso,BFA,L,WDI,1,9.159,9.395,9.629,9.872,10.124,10.387,10.656,10.934,11.241,11.575,11.926,12.295,12.681,13.083,13.501,13.932,14.374,14.816,15.258,15.71,16.176,16.662,17.172,17.695,18.229,18.777,19.335,19.894,20.438,20.962,21.479,21.995,22.509,23.026,23.549,24.075,24.602,25.131,25.662,26.195,26.73,27.271,27.815,28.364,28.917,29.47,30.02,30.568,31.113,31.655,32.194,32.729,33.261,33.789,34.312,34.83,35.34,35.842,36.337,36.823,37.304
Burundi,BDI,L,WDI,1.0,5.587,5.704,5.858,5.677,5.714,6.066,6.071,6.07,6.187,6.337,6.47,6.634,6.824,7.043,7.311,7.587,7.866,8.162,8.506,8.948,9.376,9.718,10.071,10.439,10.8,11.048,11.239,11.507,11.859,12.255,12.617,12.965,13.321,13.689,14.048,14.39,14.729,15.077,15.444,15.816,16.182,16.555,16.935,17.318,17.701,18.086,18.483,18.893,19.306,19.719,20.131,20.538,20.952,21.371,21.786,22.198,22.586,22.97,23.358,23.749,24.132
Cabo Verde,CPV,UM,WDI,1.000001,0.375,0.385,0.393,0.402,0.41,0.418,0.426,0.433,0.44,0.447,0.453,0.46,0.467,0.473,0.479,0.485,0.491,0.496,0.501,0.506,0.51,0.511,0.512,0.512,0.512,0.512,0.513,0.513,0.513,0.514,0.515,0.517,0.52,0.522,0.525,0.527,0.53,0.532,0.534,0.536,0.539,0.541,0.543,0.545,0.547,0.549,0.55,0.552,0.554,0.556,0.557,0.559,0.56,0.561,0.562,0.563,0.564,0.565,0.566,0.566,0.566
Cambodia,KHM,LM,WDI,1.0,7.375,7.687,8.113,8.616,9.239,10.018,10.801,11.571,12.058,12.266,12.462,12.658,12.855,13.051,13.245,13.439,13.639,13.842,14.053,14.277,14.501,14.723,14.945,15.17,15.397,15.623,15.853,16.073,16.275,16.481,16.725,16.974,17.202,17.424,17.639,17.848,18.051,18.25,18.447,18.639,18.827,19.012,19.193,19.372,19.547,19.72,19.89,20.056,20.221,20.383,20.541,20.695,20.848,20.999,21.145,21.286,21.424,21.558,21.687,21.812,21.931
Cameroon,CMR,LM,WDI,1,11.332,11.667,12.006,12.353,12.705,13.059,13.415,13.775,14.145,14.525,14.913,15.309,15.726,16.16,16.61,17.075,17.55,18.05,18.574,19.114,19.668,20.232,20.81,21.402,22.06,22.763,23.454,24.129,24.806,25.506,26.211,26.916,27.633,28.373,29.124,29.879,30.641,31.41,32.191,32.979,33.777,34.584,35.4,36.223,37.055,37.894,38.742,39.6,40.463,41.333,42.208,43.09,43.976,44.858,45.741,46.629,47.519,48.414,49.309,50.203,51.096
Canada,CAN,H,WDI,1.038003,27.691,28.037,28.371,28.685,29.001,29.302,29.61,29.906,30.155,30.401,30.686,31.021,31.359,31.642,31.939,32.243,32.571,32.889,33.247,33.63,34.006,34.339,34.713,35.081,35.434,35.704,36.111,36.545,37.073,37.618,38.029,38.24,38.95,40.049,41.262,41.652,42.006,42.332,42.647,42.949,43.239,43.522,43.795,44.051,44.298,44.536,44.763,44.99,45.211,45.422,45.622,45.815,46.006,46.192,46.374,46.555,46.728,46.89,47.052,47.205,47.356
Cayman Islands,CYM,H,WDI,1.000007,0.026,0.027,0.029,0.03,0.031,0.033,0.034,0.036,0.037,0.038,0.04,0.041,0.043,0.044,0.045,0.047,0.048,0.05,0.051,0.053,0.054,0.056,0.057,0.059,0.06,0.062,0.063,0.065,0.066,0.067,0.069,0.07,0.072,0.073,0.074,0.076,0.077,0.079,0.08,0.081,0.082,0.084,0.085,0.086,0.087,0.088,0.09,0.091,0.092,0.093,0.094,0.095,0.096,0.097,0.098,0.099,0.1,0.101,0.102,0.103,0.104
Central African Republic,CAF,L,WDI,1,2.872,2.963,3.059,3.158,3.258,3.348,3.436,3.532,3.629,3.729,3.833,3.919,4.006,4.103,4.193,4.289,4.378,4.463,4.559,4.529,4.493,4.565,4.611,4.642,4.623,4.629,4.714,4.794,4.879,4.945,5.027,5.112,5.098,5.152,5.331,5.513,5.699,5.888,6.082,6.28,6.478,6.68,6.884,7.089,7.296,7.503,7.708,7.912,8.116,8.322,8.526,8.729,8.931,9.135,9.342,9.551,9.761,9.973,10.186,10.401,10.617
Chad,TCD,L,WDI,1,5.983,6.206,6.475,6.629,6.783,7.089,7.41,7.67,7.939,8.223,8.512,8.804,9.116,9.488,9.92,10.328,10.706,11.082,11.476,11.894,12.313,12.755,13.211,13.691,14.189,14.648,15.115,15.623,16.157,16.685,17.225,17.828,18.455,19.319,20.299,21.004,21.56,22.175,22.848,23.526,24.207,24.897,25.596,26.298,26.997,27.697,28.411,29.133,29.856,30.585,31.307,32.035,32.778,33.525,34.272,35.026,35.788,36.547,37.317,38.089,38.858
Channel Islands,CHI,H,WDI,1.000006,0.143,0.144,0.145,0.145,0.145,0.145,0.146,0.146,0.147,0.148,0.148,0.149,0.15,0.151,0.152,0.153,0.154,0.155,0.156,0.158,0.159,0.16,0.161,0.162,0.163,0.163,0.164,0.164,0.165,0.166,0.166,0.167,0.167,0.168,0.168,0.168,0.169,0.169,0.169,0.169,0.169,0.169,0.17,0.17,0.17,0.17,0.17,0.17,0.17,0.17,0.17,0.169,0.169,0.169,0.169,0.169,0.169,0.168,0.168,0.168,0.168
Chile,CHL,H,WDI,1,13.437,13.662,13.885,14.102,14.316,14.527,14.734,14.932,15.128,15.319,15.504,15.684,15.858,16.025,16.187,16.349,16.509,16.672,16.839,17.01,17.181,17.352,17.519,17.687,17.864,18.048,18.267,18.559,18.893,19.198,19.371,19.456,19.553,19.659,19.765,19.86,19.946,20.026,20.101,20.17,20.233,20.291,20.342,20.385,20.423,20.456,20.485,20.508,20.524,20.536,20.542,20.543,20.54,20.533,20.52,20.499,20.473,20.444,20.408,20.366,20.32
China,CHN,UM,WDI,0.993284,1135.185,1150.78,1164.97,1178.44,1191.835,1204.855,1217.55,1230.075,1241.935,1252.735,1262.645,1271.85,1280.4,1288.4,1296.075,1303.72,1311.02,1317.885,1324.655,1331.26,1337.705,1345.035,1354.19,1363.24,1371.86,1379.86,1387.79,1396.215,1402.76,1407.745,1411.1,1412.36,1412.175,1410.71,1408.975,1406.585,1403.424,1400.211,1396.693,1392.864,1388.763,1384.388,1379.731,1374.8,1369.616,1364.203,1358.556,1352.683,1346.617,1340.332,1333.798,1327.017,1319.984,1312.714,1305.191,1297.341,1289.101,1280.462,1271.396,1261.849,1251.824
Colombia,COL,UM,WDI,1.0,32.44,33.098,33.761,34.441,35.127,35.805,36.463,37.121,37.792,38.455,39.09,39.709,40.325,40.937,41.543,42.129,42.691,43.235,43.759,44.272,44.777,45.26,45.716,46.152,46.565,46.97,47.438,48.131,49.024,49.908,50.63,51.188,51.738,52.321,52.886,53.426,53.936,54.422,54.885,55.323,55.736,56.126,56.49,56.832,57.152,57.446,57.717,57.965,58.19,58.394,58.576,58.737,58.878,59.0,59.105,59.191,59.26,59.313,59.351,59.375,59.385
Comoros,COM,LM,WDI,0.999999,0.445,0.456,0.465,0.474,0.482,0.491,0.499,0.508,0.517,0.526,0.536,0.547,0.559,0.57,0.581,0.593,0.605,0.617,0.629,0.642,0.655,0.668,0.682,0.696,0.712,0.727,0.742,0.757,0.772,0.787,0.802,0.818,0.834,0.85,0.867,0.883,0.899,0.915,0.931,0.948,0.964,0.981,0.997,1.014,1.031,1.048,1.065,1.082,1.099,1.116,1.134,1.151,1.169,1.186,1.204,1.221,1.238,1.256,1.273,1.29,1.308
"Congo, Dem. Rep.",COD,L,WDI,1,36.684,37.926,39.229,40.656,42.627,44.434,45.296,46.03,47.298,48.913,50.507,52.133,53.751,55.344,56.998,58.776,60.616,62.478,64.391,66.412,68.563,70.849,73.255,75.789,78.403,81.036,83.956,87.083,90.048,92.947,95.99,99.149,102.397,105.79,109.276,112.832,116.452,120.13,123.872,127.674,131.532,135.447,139.409,143.414,147.468,151.56,155.689,159.849,164.046,168.297,172.596,176.946,181.35,185.805,190.312,194.865,199.464,204.106,208.784,213.498,218.246
"Congo, Rep.",COG,LM,WDI,1,2.381,2.449,2.519,2.595,2.673,2.749,2.827,2.888,2.952,3.033,3.151,3.273,3.351,3.446,3.566,3.696,3.837,3.98,4.114,4.281,4.462,4.61,4.74,4.857,4.976,5.098,5.223,5.351,5.483,5.617,5.753,5.892,6.035,6.183,6.333,6.484,6.638,6.794,6.954,7.116,7.282,7.452,7.626,7.803,7.981,8.161,8.342,8.525,8.71,8.896,9.084,9.275,9.467,9.659,9.851,10.042,10.234,10.428,10.621,10.814,11.006
Costa Rica,CRI,H,WDI,1,3.122,3.202,3.284,3.367,3.451,3.535,3.619,3.702,3.783,3.862,3.938,4.009,4.076,4.139,4.2,4.261,4.321,4.38,4.44,4.5,4.556,4.61,4.664,4.716,4.767,4.818,4.867,4.913,4.958,5.0,5.034,5.06,5.082,5.106,5.13,5.153,5.175,5.196,5.215,5.234,5.251,5.268,5.284,5.299,5.312,5.325,5.336,5.346,5.356,5.363,5.37,5.375,5.379,5.381,5.382,5.381,5.379,5.375,5.37,5.363,5.354
Croatia,HRV,H,WDI,1.007287,4.777,4.689,4.576,4.6,4.652,4.62,4.557,4.535,4.532,4.513,4.468,4.3,4.302,4.303,4.305,4.31,4.311,4.31,4.31,4.305,4.295,4.281,4.26,4.234,4.202,4.152,4.107,4.041,3.989,3.949,3.914,3.879,3.856,3.86,3.866,3.876,3.85,3.825,3.801,3.777,3.753,3.729,3.704,3.68,3.657,3.633,3.61,3.587,3.562,3.538,3.514,3.489,3.464,3.439,3.413,3.387,3.362,3.336,3.31,3.284,3.258
Cuba,CUB,UM,WDI,1.0,10.632,10.718,10.786,10.841,10.886,10.925,10.962,10.998,11.035,11.072,11.109,11.144,11.177,11.209,11.239,11.263,11.279,11.287,11.292,11.295,11.297,11.302,11.303,11.298,11.286,11.275,11.266,11.248,11.227,11.203,11.176,11.122,11.06,11.02,10.98,10.937,10.893,10.847,10.8,10.751,10.701,10.65,10.597,10.544,10.488,10.432,10.374,10.314,10.253,10.19,10.126,10.059,9.991,9.921,9.849,9.775,9.7,9.623,9.544,9.464,9.382
Curaçao,CUW,H,WDI,0.842447,0.145,0.144,0.144,0.144,0.145,0.145,0.146,0.147,0.144,0.139,0.134,0.129,0.129,0.132,0.134,0.138,0.141,0.144,0.146,0.147,0.149,0.151,0.152,0.154,0.156,0.158,0.16,0.16,0.159,0.157,0.155,0.154,0.153,0.155,0.156,0.156,0.156,0.156,0.156,0.156,0.156,0.155,0.155,0.155,0.155,0.154,0.154,0.153,0.153,0.152,0.152,0.151,0.151,0.15,0.15,0.149,0.149,0.148,0.147,0.147,0.146
Cyprus,CYP,H,WDI,1,0.788,0.799,0.81,0.826,0.845,0.863,0.88,0.898,0.915,0.931,0.948,0.964,0.981,1.0,1.018,1.036,1.054,1.073,1.091,1.109,1.128,1.146,1.165,1.184,1.202,1.22,1.237,1.254,1.271,1.287,1.302,1.317,1.331,1.345,1.358,1.371,1.382,1.393,1.404,1.413,1.422,1.431,1.439,1.446,1.453,1.459,1.465,1.471,1.476,1.481,1.485,1.489,1.492,1.495,1.498,1.5,1.502,1.504,1.506,1.507,1.508
Czechia,CZE,H,WDI,1.02617,10.333,10.309,10.319,10.33,10.334,10.327,10.315,10.304,10.294,10.284,10.255,10.217,10.197,10.194,10.197,10.211,10.239,10.299,10.385,10.444,10.474,10.496,10.511,10.514,10.525,10.546,10.566,10.594,10.63,10.672,10.698,10.506,10.672,10.864,10.905,10.887,10.803,10.781,10.755,10.727,10.698,10.667,10.635,10.602,10.568,10.535,10.501,10.468,10.435,10.403,10.372,10.341,10.311,10.282,10.254,10.226,10.198,10.169,10.141,10.112,10.083
Côte d'Ivoire,CIV,LM,WDI,1.0,12.19,12.684,13.2,13.736,14.287,14.856,15.442,16.047,16.664,17.216,17.699,18.179,18.655,19.126,19.595,20.068,20.547,21.031,21.514,21.998,22.488,22.982,23.467,23.94,24.527,25.246,25.989,26.733,27.464,28.193,28.915,29.64,30.395,31.166,31.934,32.712,33.494,34.281,35.077,35.883,36.699,37.529,38.377,39.244,40.133,41.034,41.948,42.88,43.824,44.779,45.744,46.717,47.702,48.701,49.709,50.716,51.718,52.721,53.731,54.739,55.747
Denmark,DNK,H,WDI,1.00111,5.141,5.154,5.171,5.189,5.206,5.233,5.263,5.285,5.304,5.322,5.34,5.359,5.376,5.391,5.405,5.419,5.437,5.461,5.494,5.523,5.548,5.571,5.592,5.615,5.643,5.683,5.728,5.765,5.794,5.814,5.831,5.857,5.903,5.947,5.977,6.009,6.03,6.048,6.064,6.077,6.089,6.099,6.107,6.114,6.121,6.127,6.131,6.135,6.138,6.14,6.141,6.142,6.143,6.142,6.142,6.141,6.14,6.139,6.137,6.135,6.132
Djibouti,DJI,LM,WDI,1.0,0.58,0.631,0.626,0.614,0.627,0.633,0.648,0.672,0.699,0.724,0.747,0.771,0.796,0.814,0.826,0.839,0.856,0.875,0.893,0.912,0.93,0.949,0.967,0.985,1.003,1.02,1.038,1.055,1.072,1.089,1.105,1.121,1.137,1.153,1.169,1.184,1.199,1.215,1.231,1.247,1.263,1.278,1.293,1.308,1.322,1.335,1.349,1.363,1.378,1.392,1.407,1.422,1.436,1.45,1.462,1.474,1.486,1.498,1.509,1.52,1.531
Dominica,DMA,UM,WDI,0.999992,0.07,0.069,0.069,0.069,0.069,0.069,0.069,0.069,0.069,0.069,0.069,0.068,0.068,0.069,0.069,0.069,0.069,0.069,0.069,0.069,0.069,0.069,0.069,0.07,0.07,0.07,0.07,0.068,0.068,0.068,0.068,0.067,0.067,0.067,0.066,0.066,0.066,0.065,0.065,0.064,0.064,0.064,0.064,0.064,0.064,0.064,0.064,0.064,0.064,0.064,0.064,0.064,0.064,0.064,0.064,0.064,0.064,0.064,0.063,0.063,0.063
Dominican Republic,DOM,UM,WDI,1,7.151,7.3,7.447,7.595,7.742,7.888,8.033,8.174,8.31,8.446,8.584,8.72,8.852,8.981,9.105,9.225,9.341,9.456,9.573,9.695,9.82,9.946,10.07,10.194,10.316,10.435,10.551,10.667,10.782,10.894,11.008,11.123,11.231,11.331,11.428,11.52,11.61,11.696,11.78,11.861,11.939,12.014,12.087,12.157,12.224,12.289,12.352,12.413,12.471,12.526,12.579,12.631,12.68,12.727,12.773,12.816,12.857,12.895,12.931,12.965,12.996
Ecuador,ECU,UM,WDI,1.0,10.474,10.702,10.93,11.154,11.372,11.591,11.811,12.031,12.251,12.471,12.689,12.911,13.138,13.372,13.609,13.846,14.086,14.329,14.575,14.826,15.077,15.326,15.572,15.807,16.035,16.266,16.505,16.76,17.05,17.34,17.546,17.682,17.824,17.98,18.135,18.29,18.445,18.6,18.757,18.914,19.07,19.223,19.372,19.519,19.661,19.8,19.935,20.066,20.194,20.316,20.434,20.547,20.656,20.759,20.857,20.951,21.039,21.121,21.199,21.271,21.337
"Egypt, Arab Rep.",EGY,LM,WDI,1.0,58.397,60.029,61.481,62.916,64.286,65.653,67.028,68.432,69.943,71.521,73.083,74.652,76.239,77.854,79.477,81.101,82.7,84.276,85.865,87.502,89.196,91.093,93.161,95.334,97.529,99.597,101.645,103.696,105.682,107.553,109.315,110.957,112.618,114.536,116.538,118.366,120.101,121.848,123.608,125.373,127.139,128.912,130.695,132.486,134.288,136.097,137.913,139.739,141.566,143.393,145.214,147.019,148.801,150.548,152.255,153.919,155.536,157.114,158.657,160.162,161.63
El Salvador,SLV,UM,WDI,1,5.4,5.495,5.586,5.66,5.714,5.762,5.805,5.845,5.881,5.914,5.943,5.968,5.987,5.999,6.005,6.006,6.002,6.01,6.029,6.048,6.068,6.09,6.114,6.139,6.163,6.184,6.201,6.214,6.22,6.222,6.235,6.256,6.28,6.31,6.338,6.366,6.391,6.416,6.441,6.464,6.486,6.506,6.526,6.545,6.562,6.578,6.593,6.607,6.62,6.631,6.641,6.649,6.656,6.662,6.666,6.668,6.669,6.67,6.669,6.667,6.663
Equatorial Guinea,GNQ,UM,WDI,1,0.474,0.492,0.511,0.53,0.55,0.571,0.593,0.617,0.641,0.667,0.703,0.75,0.798,0.848,0.9,0.947,0.99,1.036,1.085,1.136,1.189,1.242,1.293,1.346,1.4,1.454,1.508,1.562,1.616,1.67,1.716,1.759,1.804,1.848,1.893,1.938,1.984,2.031,2.077,2.124,2.17,2.218,2.267,2.316,2.365,2.414,2.464,2.514,2.565,2.615,2.666,2.715,2.765,2.814,2.863,2.911,2.959,3.006,3.051,3.098,3.144
Eritrea,ERI,L,WDI,1,2.033,1.92,1.799,1.856,1.914,2.025,2.128,2.152,2.18,2.213,2.247,2.312,2.393,2.494,2.598,2.661,2.704,2.743,2.816,2.888,2.945,2.998,3.037,3.074,3.095,3.106,3.125,3.15,3.193,3.24,3.291,3.35,3.409,3.47,3.536,3.607,3.683,3.76,3.84,3.92,4.003,4.085,4.167,4.25,4.335,4.421,4.51,4.602,4.692,4.78,4.869,4.954,5.039,5.124,5.208,5.293,5.376,5.457,5.538,5.617,5.696
Estonia,EST,H,WDI,1.016547,1.569,1.561,1.533,1.494,1.463,1.437,1.416,1.4,1.386,1.39,1.397,1.388,1.379,1.371,1.363,1.355,1.347,1.341,1.337,1.335,1.331,1.327,1.323,1.318,1.315,1.315,1.316,1.317,1.322,1.327,1.33,1.331,1.349,1.37,1.372,1.366,1.353,1.346,1.339,1.331,1.324,1.317,1.31,1.303,1.296,1.289,1.283,1.276,1.27,1.263,1.257,1.251,1.245,1.239,1.232,1.226,1.22,1.213,1.207,1.2,1.194
Eswatini,SWZ,LM,WDI,1,0.872,0.908,0.943,0.971,0.971,0.97,0.99,1.007,1.02,1.031,1.041,1.051,1.059,1.067,1.073,1.079,1.084,1.091,1.098,1.105,1.112,1.118,1.124,1.13,1.136,1.143,1.15,1.158,1.169,1.18,1.193,1.207,1.219,1.231,1.243,1.256,1.27,1.283,1.296,1.308,1.321,1.333,1.345,1.357,1.368,1.379,1.39,1.4,1.411,1.42,1.43,1.439,1.448,1.456,1.464,1.472,1.48,1.486,1.493,1.499,1.505
Ethiopia,ETH,L,WDI,1.0,47.61,49.717,51.854,53.709,55.612,57.537,59.468,61.405,63.364,65.375,67.411,69.488,71.636,73.833,76.077,78.367,80.703,83.103,85.544,88.008,90.539,93.15,95.799,98.439,101.116,103.867,106.718,109.666,112.664,115.737,118.918,122.139,125.384,128.692,132.06,135.472,138.902,142.365,145.841,149.336,152.855,156.382,159.924,163.453,166.979,170.533,174.098,177.661,181.236,184.835,188.451,192.069,195.695,199.348,203.014,206.674,210.338,214.024,217.71,221.377,225.022
Faeroe Islands,FRO,H,WDI,0.980331,0.048,0.047,0.047,0.046,0.045,0.044,0.044,0.044,0.045,0.045,0.046,0.047,0.047,0.048,0.048,0.048,0.048,0.048,0.049,0.049,0.049,0.049,0.048,0.048,0.048,0.049,0.049,0.05,0.051,0.052,0.053,0.053,0.054,0.054,0.055,0.055,0.055,0.056,0.056,0.057,0.057,0.057,0.058,0.058,0.058,0.059,0.059,0.059,0.059,0.06,0.06,0.06,0.06,0.06,0.061,0.061,0.061,0.061,0.061,0.062,0.062
Fiji,FJI,UM,WDI,0.999999,0.773,0.78,0.785,0.79,0.795,0.799,0.804,0.812,0.822,0.832,0.841,0.85,0.858,0.866,0.874,0.882,0.89,0.898,0.903,0.907,0.91,0.913,0.915,0.916,0.918,0.919,0.919,0.919,0.917,0.915,0.915,0.917,0.919,0.924,0.929,0.933,0.937,0.941,0.945,0.949,0.953,0.957,0.96,0.963,0.967,0.97,0.973,0.976,0.979,0.981,0.984,0.986,0.989,0.991,0.993,0.994,0.996,0.997,0.999,1.0,1.0
Finland,FIN,H,WDI,1.004109,4.986,5.014,5.042,5.066,5.088,5.108,5.125,5.14,5.153,5.165,5.176,5.188,5.201,5.213,5.228,5.246,5.266,5.289,5.313,5.339,5.363,5.388,5.414,5.439,5.462,5.48,5.495,5.508,5.516,5.522,5.53,5.541,5.556,5.584,5.62,5.646,5.645,5.639,5.632,5.624,5.615,5.606,5.596,5.585,5.575,5.563,5.552,5.54,5.528,5.515,5.503,5.491,5.478,5.466,5.453,5.441,5.428,5.415,5.401,5.388,5.374
France,FRA,H,WDI,1.03105,58.261,58.554,58.847,59.103,59.325,59.541,59.755,59.968,60.191,60.502,60.919,61.364,61.812,62.25,62.708,63.181,63.622,64.017,64.375,64.706,65.026,65.341,65.658,65.998,66.312,66.548,66.724,66.918,67.158,67.382,67.601,67.843,68.184,68.372,68.552,68.72,68.819,68.914,69.007,69.099,69.191,69.281,69.371,69.461,69.553,69.645,69.735,69.824,69.907,69.981,70.048,70.114,70.177,70.231,70.273,70.308,70.333,70.348,70.354,70.35,70.338
French Polynesia,PYF,H,WDI,1,0.204,0.208,0.212,0.215,0.219,0.222,0.225,0.229,0.233,0.237,0.24,0.244,0.248,0.252,0.256,0.26,0.263,0.266,0.268,0.269,0.271,0.272,0.273,0.275,0.276,0.278,0.279,0.28,0.28,0.279,0.279,0.28,0.28,0.281,0.282,0.282,0.283,0.284,0.284,0.285,0.286,0.286,0.287,0.287,0.288,0.288,0.288,0.289,0.289,0.289,0.289,0.289,0.289,0.289,0.288,0.288,0.288,0.287,0.286,0.286,0.285
Gabon,GAB,UM,WDI,1.0,0.984,1.011,1.038,1.066,1.095,1.123,1.152,1.181,1.212,1.243,1.276,1.31,1.345,1.382,1.422,1.463,1.508,1.556,1.607,1.662,1.72,1.782,1.847,1.913,1.978,2.041,2.1,2.157,2.212,2.268,2.323,2.377,2.431,2.485,2.539,2.593,2.647,2.702,2.756,2.811,2.867,2.923,2.979,3.036,3.093,3.151,3.211,3.27,3.331,3.391,3.453,3.515,3.578,3.641,3.704,3.767,3.831,3.895,3.958,4.021,4.085
"Gambia, The",GMB,L,WDI,1,1.055,1.1,1.146,1.188,1.227,1.264,1.301,1.339,1.377,1.416,1.455,1.495,1.536,1.578,1.621,1.667,1.715,1.766,1.818,1.871,1.927,1.984,2.043,2.104,2.165,2.225,2.284,2.342,2.4,2.457,2.516,2.576,2.636,2.698,2.76,2.822,2.884,2.946,3.008,3.069,3.13,3.191,3.252,3.313,3.373,3.433,3.494,3.554,3.614,3.673,3.733,3.792,3.851,3.909,3.967,4.024,4.081,4.137,4.193,4.248,4.302
Georgia,GEO,UM,WDI,1.033913,4.802,4.836,4.873,4.911,4.836,4.658,4.492,4.35,4.244,4.157,4.077,4.014,3.979,3.952,3.927,3.902,3.88,3.86,3.848,3.814,3.787,3.756,3.729,3.718,3.719,3.725,3.728,3.728,3.727,3.72,3.723,3.709,3.713,3.715,3.813,3.936,3.934,3.931,3.928,3.924,3.919,3.914,3.909,3.904,3.898,3.892,3.885,3.878,3.872,3.866,3.859,3.853,3.848,3.842,3.836,3.83,3.822,3.814,3.805,3.797,3.788
Germany,DEU,H,WDI,0.993056,79.433,80.014,80.625,81.156,81.438,81.678,81.915,82.035,82.047,82.1,82.212,82.35,82.488,82.534,82.516,82.469,82.376,82.266,82.11,81.902,81.777,80.275,80.426,80.646,80.983,81.687,82.349,82.657,82.906,83.093,83.161,83.196,83.178,83.287,83.517,83.491,83.063,82.863,82.651,82.429,82.206,81.979,81.752,81.53,81.314,81.103,80.878,80.653,80.432,80.209,79.992,79.788,79.593,79.387,79.166,78.94,78.714,78.485,78.244,77.995,77.751
Ghana,GHA,LM,WDI,1.0,15.395,15.787,16.185,16.59,16.993,17.399,17.81,18.239,18.688,19.15,19.637,20.167,20.729,21.297,21.868,22.449,23.041,23.642,24.25,24.863,25.475,26.095,26.734,27.386,28.042,28.696,29.357,30.008,30.638,31.259,31.888,32.519,33.149,33.788,34.427,35.064,35.698,36.328,36.959,37.59,38.222,38.857,39.493,40.133,40.774,41.413,42.047,42.682,43.315,43.943,44.568,45.191,45.809,46.422,47.03,47.634,48.232,48.823,49.409,49.984,50.553
Gibraltar,GIB,H,WDI,1,0.027,0.027,0.027,0.027,0.027,0.027,0.027,0.028,0.028,0.028,0.028,0.028,0.028,0.028,0.029,0.029,0.03,0.03,0.03,0.031,0.031,0.032,0.032,0.032,0.033,0.033,0.034,0.034,0.035,0.035,0.036,0.037,0.038,0.038,0.039,0.04,0.041,0.042,0.042,0.043,0.043,0.044,0.045,0.045,0.046,0.046,0.046,0.047,0.047,0.048,0.048,0.048,0.048,0.049,0.049,0.049,0.049,0.049,0.05,0.05,0.05
Greece,GRC,H,WDI,1.047804,10.197,10.32,10.399,10.46,10.513,10.562,10.609,10.661,10.721,10.762,10.806,10.862,10.902,10.928,10.955,10.987,11.02,11.048,11.078,11.107,11.121,11.105,11.045,10.965,10.892,10.821,10.776,10.755,10.733,10.722,10.699,10.57,10.438,10.407,10.405,10.414,10.37,10.325,10.279,10.233,10.187,10.14,10.093,10.045,9.998,9.95,9.903,9.857,9.81,9.765,9.719,9.674,9.629,9.584,9.538,9.491,9.444,9.394,9.342,9.289,9.233
Greenland,GRL,H,WDI,1.019491,0.056,0.056,0.055,0.055,0.056,0.056,0.056,0.056,0.056,0.056,0.056,0.056,0.057,0.057,0.057,0.057,0.057,0.057,0.056,0.056,0.057,0.057,0.057,0.056,0.056,0.056,0.056,0.056,0.056,0.056,0.056,0.057,0.057,0.057,0.057,0.057,0.057,0.057,0.056,0.056,0.056,0.056,0.056,0.056,0.055,0.055,0.055,0.055,0.054,0.054,0.054,0.053,0.053,0.053,0.053,0.052,0.052,0.052,0.051,0.051,0.051
Grenada,GRD,UM,WDI,0.999996,0.1,0.101,0.102,0.102,0.103,0.104,0.105,0.105,0.106,0.107,0.107,0.108,0.108,0.109,0.109,0.11,0.11,0.111,0.111,0.111,0.112,0.112,0.113,0.113,0.114,0.115,0.115,0.115,0.116,0.116,0.116,0.117,0.117,0.117,0.117,0.117,0.117,0.117,0.117,0.117,0.117,0.117,0.117,0.117,0.117,0.117,0.117,0.117,0.117,0.117,0.116,0.116,0.116,0.116,0.115,0.115,0.115,0.114,0.114,0.114,0.113
Guam,GUM,H,WDI,1.000003,0.139,0.141,0.143,0.146,0.148,0.15,0.152,0.154,0.156,0.158,0.16,0.161,0.162,0.163,0.164,0.164,0.165,0.165,0.166,0.166,0.167,0.167,0.166,0.166,0.165,0.165,0.164,0.163,0.163,0.162,0.162,0.164,0.165,0.167,0.168,0.169,0.17,0.171,0.172,0.174,0.175,0.176,0.177,0.178,0.179,0.179,0.18,0.181,0.182,0.183,0.184,0.184,0.185,0.186,0.187,0.188,0.188,0.189,0.19,0.191,0.191
Guatemala,GTM,UM,WDI,1.0,9.025,9.273,9.522,9.78,10.044,10.313,10.584,10.858,11.139,11.423,11.698,11.969,12.247,12.526,12.807,13.088,13.367,13.652,13.935,14.216,14.5,14.792,15.09,15.387,15.682,15.972,16.269,16.567,16.846,17.104,17.357,17.599,17.848,18.125,18.406,18.688,18.968,19.246,19.522,19.795,20.067,20.337,20.605,20.871,21.134,21.394,21.65,21.902,22.149,22.391,22.627,22.857,23.081,23.299,23.512,23.719,23.92,24.116,24.306,24.491,24.671
Guinea,GIN,LM,WDI,1,6.434,6.697,6.914,7.128,7.345,7.553,7.77,7.931,8.082,8.265,8.429,8.54,8.674,8.871,9.063,9.246,9.441,9.662,9.899,10.144,10.396,10.657,10.922,11.192,11.473,11.767,12.073,12.386,12.705,13.034,13.371,13.711,14.055,14.405,14.755,15.1,15.442,15.784,16.127,16.467,16.807,17.148,17.486,17.822,18.154,18.486,18.821,19.156,19.489,19.824,20.161,20.497,20.831,21.163,21.492,21.817,22.142,22.463,22.78,23.093,23.405
Guinea-Bissau,GNB,L,WDI,1,0.974,0.995,1.024,1.059,1.092,1.12,1.144,1.166,1.187,1.21,1.235,1.261,1.289,1.319,1.35,1.382,1.415,1.451,1.488,1.526,1.566,1.608,1.651,1.696,1.741,1.786,1.832,1.877,1.922,1.968,2.013,2.059,2.106,2.153,2.201,2.25,2.298,2.346,2.394,2.442,2.489,2.537,2.586,2.635,2.683,2.73,2.778,2.826,2.874,2.922,2.97,3.017,3.063,3.11,3.157,3.204,3.251,3.299,3.346,3.393,3.439
Guyana,GUY,H,WDI,1,0.75,0.748,0.75,0.753,0.756,0.758,0.761,0.762,0.764,0.764,0.765,0.764,0.764,0.763,0.762,0.761,0.759,0.757,0.755,0.752,0.749,0.746,0.746,0.75,0.754,0.759,0.764,0.768,0.792,0.808,0.807,0.815,0.822,0.826,0.831,0.836,0.841,0.846,0.851,0.856,0.861,0.866,0.871,0.876,0.881,0.886,0.89,0.895,0.899,0.903,0.908,0.912,0.916,0.92,0.923,0.926,0.929,0.932,0.935,0.938,0.941
Haiti,HTI,LM,WDI,1.0,6.854,6.995,7.137,7.278,7.42,7.563,7.708,7.854,8.002,8.151,8.303,8.456,8.608,8.76,8.91,9.061,9.217,9.373,9.531,9.69,9.803,9.915,10.07,10.222,10.373,10.523,10.671,10.818,10.962,11.105,11.244,11.375,11.504,11.637,11.773,11.906,12.038,12.168,12.297,12.425,12.552,12.678,12.802,12.925,13.046,13.165,13.282,13.398,13.512,13.624,13.734,13.842,13.948,14.052,14.154,14.253,14.35,14.444,14.535,14.624,14.711
Honduras,HND,LM,WDI,1.0,4.98,5.124,5.271,5.423,5.579,5.74,5.904,6.071,6.234,6.4,6.578,6.758,6.939,7.119,7.299,7.478,7.657,7.835,8.013,8.19,8.366,8.541,8.715,8.889,9.063,9.237,9.412,9.588,9.765,9.944,10.12,10.29,10.464,10.645,10.826,11.006,11.185,11.362,11.538,11.713,11.885,12.056,12.224,12.389,12.553,12.714,12.873,13.029,13.184,13.335,13.485,13.632,13.777,13.92,14.06,14.198,14.333,14.466,14.596,14.722,14.847
"Hong Kong SAR, China",HKG,H,WDI,1.013903,5.705,5.752,5.801,5.901,6.035,6.156,6.436,6.489,6.544,6.606,6.665,6.714,6.744,6.731,6.784,6.813,6.857,6.916,6.958,6.973,7.024,7.072,7.15,7.179,7.229,7.291,7.337,7.393,7.453,7.508,7.481,7.413,7.346,7.536,7.524,7.499,7.481,7.457,7.427,7.388,7.353,7.312,7.272,7.234,7.199,7.15,7.09,7.05,7.003,6.957,6.911,6.849,6.78,6.715,6.655,6.589,6.517,6.431,6.343,6.26,6.175
Hungary,HUN,H,WDI,0.987746,10.374,10.373,10.369,10.358,10.343,10.329,10.311,10.29,10.267,10.238,10.211,10.188,10.159,10.13,10.107,10.087,10.071,10.056,10.038,10.023,10.0,9.972,9.92,9.873,9.833,9.798,9.76,9.727,9.707,9.695,9.67,9.631,9.605,9.592,9.562,9.514,9.468,9.436,9.403,9.369,9.333,9.297,9.26,9.223,9.185,9.146,9.108,9.07,9.032,8.994,8.957,8.92,8.884,8.849,8.814,8.78,8.747,8.714,8.681,8.65,8.618
Iceland,ISL,H,WDI,0.985281,0.255,0.258,0.261,0.264,0.266,0.267,0.269,0.271,0.274,0.277,0.281,0.285,0.288,0.29,0.292,0.297,0.304,0.312,0.317,0.318,0.318,0.319,0.321,0.324,0.327,0.331,0.335,0.343,0.353,0.361,0.366,0.373,0.382,0.386,0.387,0.392,0.396,0.4,0.403,0.406,0.408,0.41,0.412,0.414,0.416,0.417,0.419,0.42,0.421,0.422,0.423,0.424,0.425,0.425,0.426,0.426,0.426,0.426,0.427,0.427,0.427
India,IND,LM,WDI,1.0,864.972,883.928,902.957,922.118,941.164,960.301,979.678,999.134,1018.665,1038.226,1057.923,1077.899,1097.6,1116.803,1135.992,1154.676,1172.879,1190.676,1207.931,1225.525,1243.482,1261.225,1278.675,1295.83,1312.277,1328.024,1343.944,1359.657,1374.659,1389.03,1402.618,1414.204,1425.423,1438.07,1450.936,1463.866,1476.626,1489.165,1501.433,1513.424,1525.139,1536.541,1547.607,1558.324,1568.688,1578.695,1588.325,1597.537,1606.301,1614.639,1622.58,1630.119,1637.235,1643.915,1650.187,1656.068,1661.548,1666.628,1671.31,1675.62,1679.589
Indonesia,IDN,UM,WDI,1.0,183.501,186.778,190.044,193.305,196.592,199.888,203.204,206.536,209.827,213.005,216.078,219.098,222.088,225.048,227.927,230.872,233.952,237.062,240.158,243.22,246.305,249.47,252.699,255.852,258.877,261.799,264.627,267.347,269.952,272.489,274.815,276.758,278.831,281.19,283.488,285.721,287.887,289.987,292.017,293.978,295.877,297.72,299.511,301.251,302.939,304.567,306.135,307.646,309.096,310.481,311.797,313.042,314.211,315.304,316.318,317.25,318.097,318.862,319.555,320.173,320.713
"Iran, Islamic Rep.",IRN,UM,WDI,1,58.38,59.987,61.185,61.404,61.521,62.206,62.881,63.64,64.52,65.445,66.419,67.452,68.011,68.769,70.256,71.828,73.393,74.603,75.514,76.458,77.421,78.384,79.371,80.415,81.502,82.619,83.812,85.027,86.118,87.052,87.723,88.455,89.524,90.609,91.568,92.418,93.168,93.839,94.44,94.985,95.487,95.961,96.415,96.851,97.271,97.679,98.075,98.459,98.828,99.183,99.524,99.854,100.167,100.462,100.738,100.991,101.22,101.424,101.602,101.749,101.862
Iraq,IRQ,UM,WDI,1,17.581,17.767,18.301,19.201,20.14,20.826,21.501,22.177,22.884,23.637,24.424,25.198,26.007,26.803,27.578,28.407,28.617,28.392,28.971,30.058,31.045,32.161,33.655,35.282,36.55,37.561,38.47,39.337,40.266,41.192,42.117,43.071,44.071,45.074,46.042,47.021,48.007,48.987,49.961,50.943,51.937,52.934,53.953,54.985,56.013,57.036,58.072,59.109,60.132,61.175,62.223,63.249,64.261,65.257,66.238,67.204,68.15,69.098,70.05,71.0,71.929
Ireland,IRL,H,WDI,1.033219,3.514,3.534,3.558,3.576,3.59,3.609,3.638,3.674,3.713,3.755,3.805,3.866,3.932,3.997,4.07,4.16,4.274,4.399,4.49,4.535,4.56,4.58,4.6,4.624,4.658,4.702,4.763,4.827,4.898,4.976,5.04,5.111,5.213,5.312,5.396,5.484,5.535,5.582,5.628,5.67,5.709,5.745,5.781,5.815,5.846,5.876,5.904,5.932,5.96,5.986,6.011,6.036,6.058,6.078,6.096,6.113,6.128,6.14,6.152,6.162,6.168
Isle of Man,IMN,H,WDI,0.999994,0.069,0.07,0.07,0.071,0.071,0.072,0.072,0.073,0.074,0.075,0.076,0.076,0.077,0.078,0.079,0.08,0.08,0.081,0.082,0.083,0.084,0.084,0.084,0.084,0.084,0.084,0.083,0.084,0.084,0.084,0.084,0.084,0.084,0.084,0.084,0.084,0.084,0.084,0.084,0.084,0.084,0.083,0.083,0.083,0.083,0.083,0.082,0.082,0.082,0.082,0.081,0.081,0.081,0.081,0.08,0.08,0.08,0.079,0.079,0.078,0.078
Israel,ISR,H,WDI,1.063634,4.66,4.949,5.123,5.261,5.399,5.545,5.692,5.836,5.971,6.125,6.289,6.439,6.57,6.69,6.809,6.93,7.054,7.18,7.309,7.486,7.624,7.766,7.91,8.059,8.216,8.38,8.546,8.713,8.883,9.054,9.215,9.371,9.557,9.849,10.002,10.123,10.262,10.401,10.541,10.681,10.823,10.969,11.114,11.257,11.402,11.549,11.697,11.847,12.002,12.16,12.318,12.477,12.639,12.802,12.965,13.127,13.288,13.447,13.604,13.764,13.926
Italy,ITA,H,WDI,0.996101,56.719,56.759,56.797,56.832,56.843,56.844,56.86,56.89,56.907,56.916,56.942,56.977,57.09,57.399,57.828,58.167,58.4,58.756,59.211,59.555,59.819,60.027,60.191,60.312,60.321,60.23,60.115,60.002,59.877,59.729,59.439,59.133,59.014,58.984,58.953,58.916,58.696,58.46,58.218,57.974,57.72,57.455,57.193,56.934,56.669,56.399,56.129,55.856,55.579,55.295,55.006,54.718,54.423,54.112,53.794,53.471,53.138,52.792,52.436,52.07,51.689
Jamaica,JAM,UM,WDI,1.0,2.38,2.401,2.425,2.45,2.475,2.5,2.524,2.548,2.57,2.59,2.608,2.624,2.641,2.657,2.672,2.687,2.701,2.714,2.726,2.737,2.749,2.76,2.772,2.784,2.794,2.803,2.81,2.816,2.82,2.823,2.831,2.838,2.839,2.84,2.839,2.837,2.833,2.829,2.823,2.816,2.809,2.801,2.791,2.78,2.769,2.756,2.742,2.727,2.711,2.694,2.676,2.658,2.638,2.618,2.596,2.574,2.551,2.528,2.504,2.48,2.455
Japan,JPN,H,WDI,1.002138,123.478,123.964,124.425,124.829,125.178,125.472,125.757,126.057,126.4,126.631,126.843,127.149,127.445,127.718,127.761,127.773,127.854,128.001,128.063,128.047,128.07,127.833,127.629,127.445,127.276,127.141,127.076,126.972,126.811,126.633,126.261,125.682,125.125,124.517,123.975,123.367,122.69,121.993,121.283,120.565,119.84,119.106,118.367,117.623,116.876,116.124,115.372,114.622,113.877,113.136,112.398,111.661,110.929,110.208,109.493,108.784,108.081,107.387,106.702,106.023,105.348
Jordan,JOR,UM,WDI,1.0,3.622,3.915,4.128,4.348,4.561,4.752,4.913,5.046,5.164,5.276,5.387,5.499,5.616,5.742,5.882,6.03,6.427,6.827,6.99,7.142,7.297,7.48,7.587,7.992,8.792,9.545,10.006,10.234,10.462,10.672,10.865,11.066,11.256,11.439,11.553,11.521,11.59,11.819,12.034,12.246,12.449,12.653,12.855,13.051,13.245,13.441,13.638,13.84,14.048,14.257,14.471,14.685,14.884,15.078,15.274,15.472,15.662,15.842,16.021,16.198,16.367
Kazakhstan,KAZ,UM,WDI,1.0,17.154,17.279,17.333,17.274,17.044,16.731,16.416,16.043,15.648,15.456,15.501,15.576,15.657,15.747,15.85,15.968,16.104,16.257,16.427,16.62,16.837,17.066,17.306,17.557,17.816,18.084,18.364,18.652,18.933,19.21,19.482,19.744,20.035,20.33,20.593,20.844,21.084,21.316,21.548,21.777,22.003,22.227,22.453,22.679,22.903,23.126,23.349,23.571,23.793,24.018,24.247,24.478,24.708,24.941,25.175,25.41,25.643,25.876,26.107,26.329,26.544
Kenya,KEN,LM,WDI,1.0,22.893,23.647,24.382,25.117,25.857,26.602,27.344,28.102,28.888,29.733,30.643,31.619,32.63,33.652,34.713,35.796,36.904,38.036,39.206,40.409,41.599,42.758,43.888,44.987,46.051,47.089,48.14,49.198,50.207,51.203,52.217,53.219,54.252,55.339,56.433,57.532,58.636,59.746,60.86,61.979,63.102,64.23,65.359,66.485,67.605,68.716,69.819,70.91,71.991,73.058,74.109,75.144,76.162,77.159,78.135,79.089,80.022,80.939,81.838,82.722,83.593
Kiribati,KIR,LM,WDI,0.999996,0.075,0.076,0.078,0.079,0.08,0.081,0.083,0.084,0.086,0.087,0.089,0.09,0.092,0.094,0.096,0.098,0.1,0.102,0.104,0.106,0.109,0.111,0.112,0.114,0.115,0.117,0.118,0.12,0.122,0.124,0.126,0.128,0.13,0.133,0.135,0.136,0.138,0.14,0.142,0.144,0.146,0.148,0.15,0.152,0.154,0.155,0.157,0.159,0.161,0.163,0.165,0.166,0.168,0.17,0.172,0.174,0.176,0.177,0.179,0.181,0.183
"Korea, Dem. Rep.",PRK,L,WDI,1.0,21.112,21.429,21.751,22.073,22.394,22.669,22.896,23.111,23.312,23.498,23.666,23.815,23.944,24.09,24.255,24.396,24.525,24.646,24.765,24.878,24.987,25.098,25.212,25.329,25.451,25.575,25.698,25.818,25.931,26.038,26.136,26.233,26.329,26.418,26.499,26.571,26.634,26.686,26.729,26.762,26.785,26.798,26.801,26.795,26.78,26.758,26.727,26.69,26.646,26.597,26.542,26.483,26.421,26.354,26.284,26.21,26.133,26.052,25.968,25.879,25.787
"Korea, Rep.",KOR,H,WDI,1.000339,42.869,43.296,43.748,44.195,44.642,45.093,45.525,45.954,46.287,46.617,47.008,47.37,47.645,47.892,48.083,48.185,48.438,48.684,49.055,49.308,49.554,49.937,50.2,50.429,50.747,51.015,51.218,51.362,51.585,51.765,51.836,51.77,51.673,51.713,51.751,51.685,51.618,51.536,51.441,51.331,51.206,51.065,50.909,50.732,50.534,50.318,50.084,49.83,49.558,49.269,48.965,48.647,48.316,47.975,47.62,47.249,46.867,46.468,46.049,45.613,45.158
Kosovo,XKX,UM,WDI,0.941911,1.974,2.005,2.04,2.073,2.105,2.138,2.169,2.197,2.079,1.872,1.802,1.82,1.829,1.826,1.823,1.818,1.813,1.807,1.801,1.795,1.789,1.792,1.807,1.818,1.813,1.788,1.778,1.791,1.797,1.789,1.79,1.786,1.768,1.683,1.594,1.577,1.57,1.566,1.565,1.565,1.565,1.566,1.567,1.569,1.57,1.572,1.573,1.575,1.576,1.576,1.577,1.576,1.575,1.574,1.572,1.57,1.566,1.563,1.558,1.553,1.548
Kuwait,KWT,H,WDI,0.968011,1.685,1.351,1.635,1.672,1.664,1.682,1.73,1.788,1.844,1.9,1.955,2.008,2.06,2.11,2.157,2.237,2.365,2.508,2.651,2.795,2.943,3.133,3.337,3.508,3.666,3.835,4.004,4.155,4.324,4.442,4.4,4.361,4.59,4.853,4.897,4.865,4.94,5.003,5.058,5.107,5.154,5.2,5.247,5.294,5.342,5.392,5.441,5.491,5.542,5.593,5.645,5.696,5.748,5.8,5.853,5.905,5.957,6.009,6.06,6.112,6.164
Kyrgyz Republic,KGZ,LM,WDI,1.006584,4.391,4.464,4.515,4.517,4.515,4.56,4.628,4.696,4.769,4.84,4.898,4.945,4.991,5.043,5.105,5.163,5.218,5.268,5.319,5.39,5.467,5.547,5.652,5.777,5.906,6.04,6.175,6.307,6.444,6.59,6.727,6.851,6.975,7.1,7.222,7.343,7.449,7.553,7.655,7.755,7.855,7.954,8.051,8.147,8.242,8.337,8.432,8.527,8.622,8.719,8.815,8.912,9.007,9.1,9.193,9.283,9.371,9.456,9.541,9.625,9.706
Lao PDR,LAO,LM,WDI,1.0,4.312,4.435,4.56,4.685,4.809,4.929,5.046,5.152,5.248,5.341,5.431,5.521,5.611,5.698,5.782,5.87,5.963,6.056,6.149,6.242,6.334,6.427,6.519,6.611,6.703,6.802,6.909,7.018,7.128,7.238,7.347,7.453,7.559,7.665,7.77,7.873,7.974,8.073,8.17,8.264,8.357,8.448,8.536,8.623,8.707,8.789,8.869,8.947,9.024,9.098,9.169,9.238,9.305,9.37,9.432,9.493,9.55,9.606,9.659,9.71,9.757
Latvia,LVA,H,WDI,0.996885,2.663,2.651,2.614,2.563,2.521,2.485,2.457,2.433,2.41,2.39,2.368,2.337,2.31,2.288,2.263,2.239,2.218,2.2,2.177,2.142,2.098,2.06,2.034,2.013,1.994,1.978,1.96,1.942,1.927,1.914,1.9,1.884,1.879,1.884,1.866,1.848,1.83,1.816,1.801,1.787,1.772,1.757,1.743,1.729,1.715,1.701,1.688,1.675,1.662,1.648,1.636,1.623,1.61,1.598,1.585,1.572,1.56,1.547,1.535,1.522,1.509
Lebanon,LBN,LM,WDI,1.0,3.595,3.669,3.747,3.821,3.89,3.961,4.035,4.108,4.181,4.255,4.329,4.402,4.464,4.526,4.599,4.671,4.751,4.844,4.925,4.992,5.041,5.096,5.236,5.743,6.347,6.472,6.323,6.16,5.984,5.795,5.702,5.718,5.744,5.773,5.806,5.849,5.897,5.947,5.998,6.05,6.104,6.158,6.211,6.26,6.309,6.358,6.408,6.462,6.516,6.569,6.62,6.669,6.714,6.754,6.794,6.835,6.872,6.909,6.944,6.973,6.999
Lesotho,LSO,LM,WDI,1.0,1.81,1.842,1.873,1.902,1.928,1.951,1.972,1.988,1.998,2.003,2.004,2.001,1.995,1.985,1.971,1.953,1.945,1.953,1.967,1.981,1.996,2.014,2.034,2.057,2.08,2.105,2.13,2.157,2.184,2.209,2.236,2.262,2.286,2.311,2.337,2.363,2.389,2.415,2.441,2.468,2.494,2.52,2.546,2.573,2.6,2.627,2.653,2.68,2.706,2.732,2.758,2.783,2.809,2.833,2.858,2.881,2.905,2.928,2.95,2.972,2.993
Liberia,LBR,L,WDI,1,2.224,1.957,2.072,2.155,2.15,2.169,2.232,2.413,2.67,2.822,2.928,3.015,3.095,3.12,3.157,3.301,3.491,3.669,3.821,3.943,4.059,4.221,4.373,4.47,4.564,4.659,4.756,4.849,4.945,5.044,5.149,5.259,5.373,5.493,5.613,5.731,5.854,5.987,6.119,6.245,6.366,6.487,6.614,6.745,6.874,7.004,7.142,7.279,7.409,7.546,7.682,7.817,7.954,8.077,8.194,8.311,8.429,8.552,8.674,8.796,8.911
Libya,LBY,UM,WDI,1.0,4.445,4.544,4.64,4.733,4.822,4.907,4.987,5.065,5.141,5.218,5.305,5.404,5.508,5.619,5.737,5.859,5.98,6.104,6.235,6.367,6.498,6.343,6.179,6.305,6.427,6.532,6.632,6.739,6.849,6.951,7.045,7.135,7.224,7.306,7.381,7.459,7.54,7.627,7.717,7.802,7.886,7.969,8.048,8.127,8.207,8.284,8.357,8.432,8.507,8.58,8.651,8.72,8.787,8.854,8.92,8.984,9.044,9.098,9.154,9.209,9.261
Liechtenstein,LIE,H,WDI,1.022329,0.029,0.029,0.03,0.03,0.03,0.031,0.031,0.031,0.032,0.032,0.033,0.033,0.034,0.034,0.034,0.035,0.035,0.035,0.035,0.036,0.036,0.036,0.037,0.037,0.037,0.037,0.038,0.038,0.038,0.039,0.039,0.039,0.039,0.04,0.04,0.041,0.041,0.042,0.042,0.042,0.042,0.042,0.042,0.043,0.043,0.043,0.043,0.043,0.043,0.043,0.043,0.044,0.044,0.044,0.044,0.044,0.044,0.044,0.044,0.044,0.044
Lithuania,LTU,H,WDI,1.020716,3.698,3.704,3.7,3.683,3.657,3.629,3.602,3.575,3.549,3.524,3.5,3.471,3.443,3.415,3.377,3.323,3.27,3.231,3.198,3.163,3.097,3.028,2.989,2.961,2.937,2.911,2.877,2.843,2.819,2.811,2.81,2.808,2.832,2.872,2.888,2.889,2.855,2.832,2.808,2.785,2.762,2.74,2.718,2.696,2.674,2.651,2.629,2.606,2.583,2.56,2.536,2.513,2.49,2.467,2.444,2.421,2.399,2.375,2.352,2.329,2.306
Luxembourg,LUX,H,WDI,1.009577,0.382,0.387,0.392,0.397,0.403,0.409,0.414,0.419,0.425,0.43,0.436,0.442,0.446,0.452,0.458,0.465,0.473,0.48,0.489,0.498,0.507,0.518,0.531,0.543,0.556,0.57,0.582,0.596,0.608,0.62,0.63,0.64,0.653,0.666,0.677,0.687,0.694,0.701,0.708,0.714,0.721,0.726,0.732,0.738,0.743,0.748,0.753,0.757,0.762,0.766,0.77,0.774,0.777,0.781,0.784,0.787,0.79,0.792,0.795,0.797,0.799
"Macao SAR, China",MAC,H,WDI,0.949991,0.335,0.352,0.371,0.384,0.397,0.409,0.415,0.417,0.422,0.427,0.431,0.434,0.438,0.444,0.455,0.473,0.499,0.521,0.541,0.535,0.537,0.55,0.568,0.592,0.622,0.643,0.652,0.648,0.659,0.672,0.685,0.682,0.677,0.679,0.687,0.686,0.687,0.688,0.688,0.689,0.69,0.691,0.691,0.69,0.689,0.688,0.685,0.682,0.678,0.675,0.672,0.668,0.664,0.661,0.657,0.654,0.651,0.647,0.642,0.639,0.635
Madagascar,MDG,L,WDI,1,12.056,12.421,12.801,13.197,13.614,14.051,14.511,14.991,15.489,16.001,16.516,17.033,17.55,18.072,18.607,19.16,19.731,20.319,20.924,21.547,22.183,22.822,23.462,24.109,24.764,25.427,26.1,26.788,27.495,28.22,28.954,29.691,30.437,31.196,31.965,32.741,33.522,34.309,35.1,35.895,36.693,37.496,38.301,39.109,39.92,40.734,41.551,42.371,43.194,44.019,44.847,45.677,46.509,47.342,48.177,49.011,49.847,50.682,51.517,52.352,53.185
Malawi,MWI,L,WDI,1.0,9.546,9.844,10.135,10.284,10.165,10.15,10.352,10.562,10.793,11.048,11.316,11.593,11.88,12.182,12.501,12.84,13.199,13.576,13.976,14.396,14.826,15.265,15.71,16.162,16.622,17.086,17.558,18.04,18.528,19.026,19.534,20.047,20.569,21.104,21.655,22.216,22.786,23.366,23.954,24.554,25.16,25.764,26.367,26.978,27.595,28.214,28.836,29.463,30.082,30.692,31.302,31.911,32.518,33.122,33.737,34.351,34.96,35.568,36.166,36.761,37.362
Malaysia,MYS,UM,WDI,1,17.833,18.342,18.835,19.323,19.82,20.331,20.85,21.375,21.907,22.436,22.968,23.527,24.102,24.68,25.257,25.836,26.418,26.998,27.57,28.125,28.656,29.162,29.663,30.174,30.696,31.233,31.79,32.356,32.911,33.441,33.89,34.282,34.695,35.126,35.558,35.978,36.385,36.785,37.183,37.574,37.962,38.348,38.728,39.098,39.458,39.815,40.167,40.512,40.853,41.186,41.51,41.829,42.144,42.456,42.754,43.038,43.314,43.58,43.832,44.066,44.29
Maldives,MDV,UM,WDI,1,0.225,0.232,0.239,0.245,0.251,0.257,0.262,0.268,0.273,0.277,0.282,0.287,0.292,0.296,0.301,0.306,0.314,0.324,0.336,0.348,0.361,0.374,0.387,0.4,0.414,0.428,0.443,0.458,0.473,0.488,0.502,0.516,0.524,0.526,0.528,0.53,0.532,0.533,0.535,0.538,0.54,0.542,0.544,0.547,0.549,0.552,0.554,0.557,0.559,0.562,0.565,0.568,0.57,0.573,0.576,0.578,0.581,0.583,0.586,0.588,0.59
Mali,MLI,L,WDI,1.0,9.179,9.363,9.554,9.755,9.967,10.185,10.407,10.646,10.92,11.227,11.559,11.912,12.288,12.685,13.102,13.539,13.99,14.458,14.941,15.436,15.945,16.469,16.957,17.46,18.02,18.593,19.191,19.813,20.442,21.068,21.714,22.389,23.073,23.769,24.479,25.199,25.932,26.679,27.441,28.216,29.003,29.805,30.619,31.443,32.277,33.118,33.968,34.823,35.686,36.549,37.414,38.281,39.151,40.026,40.903,41.779,42.656,43.531,44.406,45.28,46.154
Malta,MLT,H,WDI,1.062887,0.354,0.364,0.368,0.371,0.375,0.377,0.38,0.383,0.385,0.388,0.39,0.393,0.396,0.399,0.401,0.404,0.405,0.407,0.409,0.412,0.415,0.416,0.42,0.425,0.433,0.444,0.455,0.467,0.484,0.504,0.515,0.518,0.531,0.553,0.569,0.58,0.584,0.586,0.587,0.589,0.59,0.591,0.592,0.592,0.592,0.592,0.591,0.59,0.589,0.588,0.586,0.585,0.584,0.582,0.581,0.579,0.577,0.575,0.573,0.571,0.569
Marshall Islands,MHL,UM,WDI,1,0.045,0.046,0.046,0.047,0.048,0.048,0.049,0.049,0.05,0.05,0.051,0.051,0.051,0.052,0.052,0.052,0.052,0.052,0.052,0.052,0.052,0.052,0.051,0.051,0.05,0.049,0.048,0.047,0.045,0.044,0.043,0.041,0.04,0.039,0.038,0.036,0.035,0.034,0.033,0.032,0.031,0.03,0.03,0.029,0.029,0.028,0.028,0.027,0.027,0.027,0.027,0.026,0.026,0.026,0.026,0.026,0.026,0.026,0.025,0.025,0.025
Mauritania,MRT,LM,WDI,1.0,1.952,2.01,2.088,2.174,2.249,2.312,2.358,2.411,2.475,2.542,2.613,2.679,2.739,2.802,2.869,2.939,3.014,3.093,3.183,3.284,3.391,3.503,3.619,3.734,3.849,3.966,4.087,4.211,4.338,4.468,4.6,4.735,4.876,5.022,5.169,5.315,5.461,5.609,5.758,5.909,6.063,6.218,6.375,6.534,6.694,6.856,7.019,7.183,7.348,7.515,7.682,7.85,8.02,8.193,8.365,8.539,8.713,8.888,9.064,9.24,9.416
Mauritius,MUS,UM,WDI,0.980652,1.059,1.07,1.084,1.097,1.113,1.122,1.134,1.148,1.16,1.175,1.187,1.196,1.205,1.213,1.221,1.228,1.234,1.24,1.244,1.247,1.25,1.252,1.256,1.259,1.261,1.263,1.264,1.265,1.266,1.266,1.266,1.266,1.263,1.249,1.246,1.244,1.241,1.237,1.234,1.23,1.226,1.222,1.218,1.213,1.208,1.203,1.198,1.192,1.186,1.179,1.172,1.165,1.157,1.149,1.141,1.132,1.123,1.114,1.105,1.095,1.086
Mexico,MEX,UM,WDI,1,82.82,84.431,86.045,87.654,89.259,90.862,92.453,94.021,95.575,97.116,98.626,100.099,101.549,102.979,104.394,105.812,107.254,108.774,110.374,112.0,113.624,115.244,116.818,118.344,119.784,121.072,122.251,123.4,124.574,125.763,126.799,127.648,128.613,129.74,130.861,131.947,132.998,134.018,135.009,135.971,136.905,137.811,138.69,139.542,140.362,141.151,141.909,142.638,143.336,143.998,144.624,145.218,145.777,146.3,146.788,147.24,147.654,148.03,148.372,148.678,148.946
"Micronesia, Fed. Sts.",FSM,UM,WDI,1,0.101,0.103,0.105,0.107,0.109,0.11,0.111,0.111,0.111,0.112,0.112,0.112,0.112,0.112,0.112,0.111,0.111,0.11,0.109,0.108,0.108,0.108,0.108,0.108,0.108,0.109,0.109,0.109,0.11,0.11,0.111,0.112,0.112,0.113,0.113,0.114,0.114,0.115,0.115,0.116,0.116,0.117,0.117,0.118,0.119,0.119,0.12,0.12,0.121,0.121,0.122,0.122,0.123,0.123,0.124,0.124,0.125,0.125,0.125,0.126,0.126
Moldova,MDA,UM,WDI,0.787865,2.978,2.982,2.981,2.976,2.967,2.953,2.947,2.936,2.935,2.931,2.925,2.918,2.911,2.903,2.896,2.889,2.881,2.874,2.869,2.865,2.862,2.861,2.86,2.86,2.858,2.836,2.803,2.755,2.707,2.664,2.635,2.596,2.529,2.458,2.402,2.361,2.333,2.31,2.288,2.265,2.242,2.219,2.196,2.174,2.151,2.129,2.107,2.085,2.064,2.044,2.024,2.005,1.986,1.968,1.951,1.934,1.917,1.901,1.885,1.869,1.853
Monaco,MCO,H,WDI,1,0.03,0.031,0.031,0.031,0.031,0.032,0.032,0.032,0.032,0.032,0.032,0.032,0.032,0.032,0.032,0.032,0.032,0.032,0.032,0.032,0.033,0.034,0.035,0.035,0.036,0.037,0.037,0.038,0.038,0.038,0.038,0.039,0.039,0.039,0.039,0.038,0.038,0.038,0.038,0.038,0.037,0.037,0.037,0.037,0.037,0.037,0.037,0.037,0.037,0.037,0.037,0.037,0.037,0.037,0.037,0.037,0.037,0.037,0.037,0.037,0.037
Mongolia,MNG,UM,WDI,1.01475,2.099,2.165,2.168,2.165,2.189,2.225,2.26,2.292,2.324,2.357,2.388,2.418,2.449,2.48,2.508,2.536,2.567,2.602,2.643,2.691,2.739,2.786,2.84,2.899,2.963,3.027,3.089,3.149,3.208,3.268,3.327,3.384,3.434,3.481,3.525,3.569,3.609,3.648,3.686,3.723,3.76,3.796,3.833,3.87,3.908,3.947,3.987,4.028,4.07,4.113,4.156,4.199,4.243,4.287,4.329,4.372,4.414,4.455,4.494,4.532,4.568
Montenegro,MNE,UM,WDI,0.984828,0.606,0.607,0.609,0.61,0.611,0.612,0.611,0.61,0.608,0.606,0.605,0.607,0.61,0.612,0.613,0.614,0.615,0.616,0.617,0.618,0.619,0.62,0.621,0.623,0.624,0.625,0.625,0.626,0.626,0.627,0.627,0.625,0.624,0.624,0.624,0.623,0.617,0.613,0.61,0.607,0.603,0.6,0.596,0.593,0.589,0.585,0.581,0.577,0.574,0.57,0.566,0.562,0.558,0.554,0.55,0.546,0.542,0.538,0.534,0.529,0.525
Morocco,MAR,LM,WDI,1,24.376,24.799,25.212,25.615,26.001,26.399,26.808,27.213,27.622,28.027,28.423,28.815,29.198,29.571,29.953,30.358,30.771,31.186,31.607,32.031,32.467,32.913,33.355,33.788,34.205,34.608,35.023,35.446,35.84,36.211,36.584,36.954,37.329,37.713,38.081,38.431,38.762,39.08,39.384,39.675,39.953,40.222,40.478,40.723,40.957,41.182,41.398,41.604,41.802,41.99,42.168,42.339,42.5,42.65,42.792,42.925,43.046,43.158,43.262,43.356,43.44
Mozambique,MOZ,L,WDI,1,13.095,13.352,13.613,14.051,15.034,15.961,16.492,16.95,17.34,17.735,18.13,18.538,18.958,19.392,19.84,20.305,20.787,21.288,21.819,22.392,22.999,23.649,24.338,25.052,25.788,26.548,27.337,28.166,29.019,29.884,30.784,31.708,32.656,33.635,34.632,35.632,36.64,37.669,38.714,39.775,40.847,41.931,43.033,44.145,45.274,46.412,47.549,48.685,49.822,50.971,52.124,53.271,54.423,55.575,56.717,57.852,58.981,60.118,61.255,62.397,63.531
Myanmar,MMR,LM,WDI,1,39.817,40.394,40.95,41.502,42.055,42.605,43.155,43.709,44.258,44.788,45.291,45.771,46.233,46.667,47.069,47.438,47.785,48.125,48.391,48.66,49.024,49.42,49.837,50.263,50.682,51.089,51.496,51.895,52.272,52.641,53.017,53.387,53.757,54.134,54.5,54.851,55.185,55.502,55.803,56.085,56.351,56.602,56.836,57.055,57.257,57.444,57.616,57.774,57.92,58.052,58.17,58.274,58.366,58.443,58.506,58.558,58.597,58.621,58.633,58.633,58.623
Namibia,NAM,LM,WDI,1.0,1.369,1.416,1.461,1.509,1.556,1.602,1.646,1.689,1.733,1.776,1.819,1.857,1.89,1.917,1.942,1.967,1.992,2.019,2.047,2.077,2.11,2.146,2.195,2.253,2.312,2.374,2.439,2.507,2.577,2.65,2.729,2.811,2.89,2.963,3.03,3.093,3.153,3.213,3.272,3.331,3.39,3.449,3.508,3.565,3.622,3.679,3.736,3.793,3.85,3.907,3.962,4.018,4.073,4.13,4.186,4.243,4.3,4.355,4.409,4.461,4.512
Nauru,NRU,H,WDI,0.999958,0.01,0.01,0.01,0.01,0.01,0.01,0.01,0.01,0.01,0.01,0.01,0.01,0.01,0.01,0.01,0.01,0.01,0.01,0.01,0.01,0.01,0.01,0.01,0.011,0.011,0.011,0.011,0.011,0.011,0.012,0.012,0.012,0.012,0.012,0.012,0.012,0.012,0.012,0.012,0.012,0.013,0.013,0.013,0.013,0.013,0.013,0.013,0.014,0.014,0.014,0.014,0.014,0.014,0.015,0.015,0.015,0.015,0.015,0.015,0.016,0.016
Nepal,NPL,LM,WDI,1.0,19.525,20.037,20.61,21.18,21.717,22.245,22.742,23.219,23.68,24.125,24.547,24.947,25.329,25.689,26.017,26.309,26.565,26.788,26.99,27.173,27.342,27.464,27.535,27.59,27.672,27.824,27.955,28.011,28.08,28.414,28.967,29.475,29.715,29.695,29.651,29.618,29.629,29.727,29.948,30.232,30.51,30.781,31.045,31.304,31.555,31.798,32.034,32.262,32.485,32.701,32.91,33.112,33.309,33.499,33.683,33.861,34.033,34.197,34.352,34.5,34.642
Netherlands,NLD,H,WDI,0.985873,14.952,15.07,15.184,15.29,15.383,15.459,15.53,15.611,15.707,15.812,15.926,16.046,16.149,16.225,16.282,16.32,16.346,16.382,16.446,16.53,16.615,16.693,16.755,16.804,16.865,16.94,17.03,17.131,17.232,17.345,17.442,17.533,17.701,17.877,17.993,18.088,18.188,18.276,18.356,18.428,18.492,18.548,18.597,18.641,18.679,18.709,18.736,18.758,18.774,18.786,18.794,18.797,18.796,18.791,18.784,18.773,18.762,18.748,18.73,18.711,18.691
New Caledonia,NCL,H,WDI,1,0.176,0.181,0.186,0.191,0.196,0.2,0.205,0.21,0.214,0.219,0.223,0.228,0.232,0.237,0.241,0.244,0.248,0.251,0.254,0.257,0.262,0.267,0.272,0.277,0.281,0.283,0.283,0.284,0.284,0.284,0.284,0.285,0.287,0.29,0.293,0.295,0.298,0.3,0.303,0.305,0.308,0.31,0.312,0.314,0.316,0.318,0.32,0.322,0.324,0.326,0.327,0.329,0.331,0.332,0.334,0.335,0.336,0.338,0.339,0.34,0.341
New Zealand,NZL,H,WDI,1.013862,3.33,3.495,3.532,3.572,3.62,3.673,3.732,3.781,3.815,3.835,3.858,3.881,3.949,4.027,4.088,4.134,4.185,4.224,4.26,4.303,4.351,4.384,4.408,4.442,4.516,4.609,4.714,4.814,4.901,4.97,5.072,5.085,5.082,5.2,5.29,5.325,5.361,5.395,5.426,5.455,5.482,5.508,5.532,5.555,5.576,5.597,5.618,5.637,5.657,5.677,5.695,5.714,5.732,5.75,5.765,5.78,5.793,5.804,5.815,5.825,5.835
Nicaragua,NIC,LM,WDI,1,4.163,4.26,4.357,4.454,4.549,4.643,4.73,4.81,4.884,4.954,5.023,5.088,5.15,5.211,5.273,5.342,5.419,5.497,5.577,5.657,5.737,5.819,5.901,5.984,6.066,6.149,6.233,6.316,6.4,6.484,6.565,6.645,6.731,6.824,6.916,7.008,7.097,7.186,7.273,7.358,7.442,7.524,7.604,7.683,7.761,7.837,7.911,7.983,8.054,8.123,8.19,8.255,8.319,8.38,8.44,8.498,8.553,8.607,8.659,8.709,8.756
Niger,NER,L,WDI,1,8.286,8.547,8.818,9.101,9.398,9.715,10.045,10.384,10.741,11.117,11.51,11.921,12.349,12.797,13.266,13.756,14.269,14.804,15.362,15.944,16.549,17.176,17.837,18.52,19.216,19.939,20.686,21.435,22.188,22.948,23.718,24.502,25.312,26.16,27.032,27.918,28.815,29.724,30.644,31.575,32.518,33.47,34.429,35.397,36.372,37.353,38.34,39.33,40.323,41.318,42.317,43.319,44.326,45.337,46.353,47.374,48.398,49.424,50.452,51.483,52.514
Nigeria,NGA,LM,WDI,1.0,97.121,99.72,102.373,105.122,107.936,110.819,113.755,116.755,119.846,123.047,126.382,129.863,133.472,137.203,141.057,145.017,149.077,153.267,157.595,162.049,166.643,171.38,176.201,181.049,185.897,190.672,195.444,200.255,204.939,209.486,213.996,218.529,223.151,227.883,232.679,237.528,242.432,247.374,252.346,257.353,262.381,267.421,272.484,277.555,282.622,287.686,292.739,297.773,302.782,307.765,312.71,317.607,322.45,327.244,331.983,336.663,341.282,345.844,350.348,354.792,359.186
North Macedonia,MKD,UM,WDI,1.003924,2.064,2.056,2.033,2.007,1.993,1.999,2.013,1.997,2.008,2.017,2.026,2.035,2.02,2.023,2.016,2.005,1.994,1.983,1.971,1.959,1.946,1.937,1.93,1.923,1.918,1.912,1.906,1.899,1.889,1.876,1.856,1.837,1.832,1.828,1.824,1.821,1.811,1.801,1.791,1.781,1.769,1.758,1.746,1.735,1.723,1.711,1.699,1.686,1.674,1.661,1.648,1.636,1.623,1.609,1.596,1.584,1.57,1.558,1.545,1.532,1.519
Northern Mariana Islands,MNP,H,WDI,1.000011,0.043,0.044,0.045,0.046,0.047,0.048,0.052,0.057,0.061,0.066,0.068,0.068,0.067,0.065,0.064,0.062,0.061,0.059,0.057,0.055,0.054,0.054,0.053,0.053,0.052,0.052,0.051,0.05,0.049,0.048,0.048,0.047,0.046,0.045,0.044,0.044,0.043,0.042,0.042,0.042,0.042,0.042,0.042,0.042,0.042,0.042,0.042,0.042,0.042,0.042,0.042,0.042,0.042,0.042,0.043,0.043,0.043,0.043,0.043,0.043,0.043
Norway,NOR,H,WDI,0.99783,4.241,4.262,4.286,4.312,4.337,4.359,4.381,4.405,4.431,4.462,4.491,4.514,4.538,4.565,4.592,4.623,4.661,4.709,4.768,4.829,4.889,4.953,5.019,5.08,5.137,5.189,5.235,5.277,5.312,5.348,5.379,5.408,5.457,5.52,5.572,5.611,5.641,5.661,5.681,5.699,5.717,5.733,5.749,5.763,5.776,5.789,5.801,5.812,5.823,5.832,5.841,5.849,5.857,5.863,5.868,5.873,5.878,5.881,5.884,5.886,5.887
Oman,OMN,H,WDI,1,1.764,1.851,1.938,2.022,2.082,2.121,2.157,2.191,2.222,2.253,2.282,2.31,2.337,2.364,2.405,2.46,2.515,2.57,2.627,2.685,2.757,3.077,3.547,3.834,4.002,4.185,4.391,4.537,4.598,4.591,4.522,4.5,4.73,5.049,5.282,5.495,5.671,5.815,5.929,6.026,6.113,6.194,6.275,6.356,6.437,6.518,6.599,6.681,6.764,6.847,6.932,7.018,7.104,7.192,7.281,7.37,7.46,7.551,7.642,7.734,7.827
Pakistan,PAK,LM,WDI,1.0,116.156,120.06,123.547,127.02,130.748,134.582,138.557,142.532,146.522,150.565,154.879,159.271,163.223,167.11,171.286,175.453,179.683,184.493,189.499,194.377,199.239,203.746,207.667,211.074,214.265,217.291,220.139,223.274,226.929,230.801,235.002,239.478,243.701,247.504,251.269,255.22,259.3,263.516,267.882,272.338,276.883,281.528,286.241,291.012,295.82,300.644,305.491,310.353,315.228,320.106,324.938,329.746,334.552,339.335,344.095,348.838,353.553,358.207,362.797,367.344,371.864
Palau,PLW,H,WDI,1.000028,0.015,0.016,0.016,0.016,0.017,0.017,0.018,0.018,0.019,0.019,0.019,0.019,0.02,0.02,0.02,0.02,0.02,0.019,0.019,0.019,0.018,0.018,0.018,0.018,0.018,0.018,0.018,0.018,0.018,0.018,0.018,0.018,0.018,0.018,0.018,0.018,0.018,0.018,0.018,0.017,0.017,0.017,0.017,0.017,0.017,0.017,0.017,0.017,0.017,0.017,0.017,0.017,0.016,0.016,0.016,0.016,0.016,0.016,0.016,0.016,0.016
Panama,PAN,H,WDI,1,2.456,2.508,2.561,2.615,2.67,2.725,2.78,2.837,2.894,2.952,3.01,3.07,3.129,3.19,3.251,3.313,3.375,3.437,3.501,3.564,3.629,3.694,3.759,3.825,3.892,3.96,4.029,4.099,4.168,4.235,4.293,4.345,4.401,4.459,4.516,4.571,4.626,4.679,4.732,4.783,4.834,4.883,4.932,4.98,5.026,5.072,5.117,5.161,5.204,5.246,5.287,5.326,5.365,5.402,5.438,5.473,5.507,5.54,5.571,5.602,5.631
Papua New Guinea,PNG,LM,WDI,1,3.896,4.022,4.167,4.321,4.48,4.644,4.813,4.988,5.166,5.349,5.537,5.728,5.924,6.124,6.328,6.536,6.748,6.963,7.183,7.406,7.634,7.859,8.081,8.303,8.523,8.743,8.962,9.179,9.395,9.609,9.816,10.013,10.203,10.39,10.577,10.763,10.948,11.131,11.313,11.493,11.671,11.848,12.023,12.197,12.369,12.541,12.711,12.88,13.047,13.213,13.376,13.537,13.696,13.853,14.01,14.166,14.319,14.469,14.617,14.764,14.907
Paraguay,PRY,UM,WDI,1.0,4.036,4.144,4.254,4.363,4.471,4.58,4.688,4.794,4.9,5.003,5.101,5.188,5.261,5.326,5.388,5.448,5.505,5.559,5.614,5.671,5.738,5.815,5.897,5.982,6.07,6.159,6.249,6.339,6.427,6.515,6.604,6.684,6.76,6.844,6.929,7.013,7.095,7.176,7.255,7.332,7.408,7.482,7.554,7.625,7.695,7.764,7.831,7.897,7.962,8.025,8.088,8.148,8.208,8.267,8.324,8.381,8.436,8.489,8.541,8.592,8.64
Peru,PER,UM,WDI,1,22.015,22.484,22.946,23.414,23.881,24.349,24.811,25.274,25.738,26.187,26.598,26.965,27.288,27.58,27.852,28.101,28.324,28.531,28.719,28.897,29.086,29.304,29.55,29.818,30.116,30.458,30.866,31.325,31.898,32.449,32.839,33.156,33.475,33.846,34.218,34.577,34.922,35.256,35.578,35.891,36.194,36.488,36.775,37.054,37.327,37.591,37.848,38.097,38.337,38.57,38.795,39.012,39.22,39.421,39.613,39.797,39.972,40.138,40.295,40.443,40.584
Philippines,PHL,UM,WDI,1.0,62.855,64.382,65.926,67.531,69.019,70.546,72.19,73.909,75.791,77.753,79.625,81.401,83.069,84.732,86.395,88.016,89.509,91.075,92.699,94.384,96.337,98.249,100.176,102.076,103.767,105.313,106.736,108.12,109.465,110.805,112.081,113.101,113.964,114.891,115.844,116.787,117.724,118.656,119.584,120.502,121.409,122.302,123.18,124.049,124.904,125.741,126.558,127.353,128.119,128.85,129.547,130.21,130.837,131.427,131.98,132.492,132.962,133.385,133.759,134.089,134.373
Poland,POL,H,WDI,0.955296,38.111,38.246,38.364,38.461,38.543,38.595,38.624,38.65,38.663,38.66,38.259,38.248,38.23,38.205,38.182,38.165,38.141,38.121,38.126,38.152,38.043,38.063,38.063,38.04,38.012,37.986,37.97,37.975,37.975,37.965,37.516,36.982,36.822,36.687,36.559,36.436,36.151,36.01,35.86,35.702,35.536,35.363,35.185,35.002,34.815,34.624,34.428,34.228,34.025,33.818,33.607,33.394,33.177,32.957,32.735,32.51,32.282,32.052,31.82,31.585,31.347
Portugal,PRT,H,WDI,1.037749,9.983,9.96,9.952,9.965,9.992,10.026,10.064,10.109,10.16,10.218,10.29,10.363,10.42,10.459,10.484,10.503,10.522,10.543,10.558,10.568,10.573,10.558,10.515,10.457,10.401,10.358,10.325,10.3,10.284,10.286,10.297,10.362,10.434,10.578,10.695,10.805,10.788,10.77,10.749,10.728,10.707,10.687,10.665,10.642,10.618,10.594,10.569,10.544,10.519,10.492,10.463,10.435,10.407,10.377,10.346,10.314,10.28,10.246,10.212,10.176,10.139
Puerto Rico (U.S.),PRI,H,WDI,0.984405,3.537,3.562,3.585,3.615,3.649,3.683,3.725,3.759,3.781,3.8,3.811,3.819,3.824,3.826,3.827,3.821,3.805,3.783,3.761,3.74,3.724,3.693,3.661,3.631,3.585,3.535,3.48,3.411,3.291,3.303,3.282,3.263,3.22,3.204,3.203,3.185,3.172,3.156,3.137,3.115,3.092,3.067,3.041,3.015,2.987,2.96,2.932,2.903,2.872,2.841,2.809,2.777,2.744,2.711,2.677,2.643,2.608,2.572,2.537,2.501,2.465
Qatar,QAT,H,WDI,0.95389,0.44,0.455,0.47,0.485,0.499,0.514,0.529,0.55,0.581,0.613,0.645,0.678,0.711,0.745,0.773,0.825,0.973,1.209,1.427,1.609,1.617,1.625,1.722,1.916,2.152,2.345,2.477,2.546,2.581,2.639,2.794,2.505,2.657,2.656,2.858,2.972,3.027,3.072,3.111,3.147,3.18,3.212,3.245,3.279,3.314,3.349,3.386,3.423,3.461,3.501,3.54,3.581,3.622,3.664,3.707,3.75,3.793,3.837,3.882,3.927,3.972
Romania,ROU,H,WDI,1.005903,23.202,23.001,22.794,22.763,22.73,22.684,22.619,22.554,22.507,22.472,22.443,22.132,21.73,21.574,21.452,21.32,21.194,20.883,20.538,20.367,20.247,20.148,20.058,19.984,19.909,19.816,19.702,19.589,19.474,19.372,19.265,19.122,19.049,19.061,19.052,19.02,18.912,18.802,18.692,18.58,18.468,18.355,18.243,18.129,18.015,17.899,17.782,17.665,17.547,17.429,17.311,17.193,17.074,16.956,16.837,16.718,16.6,16.482,16.362,16.242,16.122
Russian Federation,RUS,H,WDI,0.996638,147.969,148.394,148.538,148.459,148.408,148.376,148.16,147.915,147.671,147.215,146.597,145.976,145.306,144.649,144.067,143.519,143.05,142.805,142.742,142.785,142.849,143.018,143.378,143.806,144.237,144.641,145.015,145.293,145.398,145.453,145.245,144.747,144.237,143.826,143.67,143.513,142.912,142.563,142.19,141.807,141.412,141.0,140.586,140.192,139.809,139.439,139.082,138.737,138.41,138.102,137.817,137.558,137.32,137.095,136.883,136.691,136.513,136.33,136.127,135.91,135.675
Rwanda,RWA,L,WDI,1.0,7.375,7.527,7.683,7.981,6.792,5.674,6.709,7.755,8.082,8.148,8.214,8.287,8.4,8.587,8.817,9.055,9.299,9.55,9.804,10.06,10.318,10.574,10.83,11.093,11.365,11.64,11.919,12.202,12.488,12.776,13.066,13.355,13.651,13.954,14.257,14.569,14.89,15.214,15.536,15.845,16.155,16.473,16.772,17.073,17.402,17.746,18.077,18.396,18.73,19.077,19.441,19.806,20.154,20.501,20.837,21.153,21.459,21.765,22.086,22.404,22.708
Samoa,WSM,UM,WDI,0.999998,0.169,0.169,0.17,0.172,0.173,0.175,0.176,0.178,0.179,0.18,0.182,0.183,0.184,0.185,0.186,0.187,0.188,0.189,0.19,0.192,0.193,0.195,0.196,0.198,0.2,0.202,0.203,0.205,0.208,0.21,0.212,0.214,0.215,0.217,0.218,0.219,0.221,0.222,0.223,0.225,0.226,0.228,0.229,0.231,0.233,0.235,0.237,0.24,0.242,0.245,0.247,0.25,0.252,0.255,0.258,0.26,0.263,0.265,0.268,0.27,0.273
San Marino,SMR,H,WDI,1.01598,0.023,0.024,0.024,0.024,0.025,0.025,0.025,0.026,0.026,0.026,0.027,0.027,0.027,0.028,0.029,0.03,0.03,0.031,0.032,0.033,0.033,0.033,0.033,0.033,0.033,0.033,0.033,0.034,0.035,0.035,0.035,0.034,0.034,0.034,0.034,0.034,0.034,0.034,0.034,0.034,0.034,0.034,0.034,0.034,0.034,0.034,0.034,0.034,0.034,0.035,0.035,0.035,0.035,0.035,0.035,0.034,0.034,0.034,0.034,0.034,0.034
Saudi Arabia,SAU,H,WDI,1.069641,10.641,11.161,11.687,12.216,12.75,13.289,13.831,14.375,14.922,15.472,16.178,17.041,17.911,18.787,19.669,20.56,21.459,22.368,23.288,24.218,23.978,25.092,26.169,27.624,28.309,29.816,30.954,30.977,30.196,30.064,31.553,30.784,32.175,33.703,35.3,36.974,37.615,38.25,38.876,39.481,40.051,40.599,41.148,41.697,42.248,42.799,43.352,43.904,44.456,45.008,45.558,46.109,46.658,47.206,47.754,48.301,48.847,49.391,49.934,50.475,51.015
Senegal,SEN,LM,WDI,1.0,7.721,7.943,8.168,8.396,8.624,8.848,9.067,9.283,9.503,9.731,9.968,10.213,10.466,10.721,10.976,11.235,11.5,11.77,12.049,12.337,12.635,12.959,13.31,13.711,14.152,14.593,15.035,15.475,15.914,16.353,16.789,17.221,17.651,18.078,18.502,18.932,19.367,19.807,20.255,20.707,21.163,21.624,22.086,22.549,23.012,23.477,23.942,24.408,24.873,25.336,25.798,26.257,26.716,27.175,27.633,28.09,28.546,29.002,29.457,29.912,30.365
Serbia,SRB,UM,WDI,0.979086,7.898,7.596,7.604,7.614,7.623,7.628,7.622,7.599,7.568,7.54,7.516,7.503,7.5,7.481,7.463,7.441,7.412,7.382,7.35,7.321,7.291,7.237,7.201,7.167,7.132,7.095,7.058,7.021,6.983,6.945,6.899,6.834,6.664,6.623,6.586,6.549,6.503,6.46,6.415,6.371,6.326,6.281,6.235,6.189,6.143,6.096,6.05,6.003,5.956,5.909,5.862,5.815,5.769,5.723,5.678,5.633,5.589,5.545,5.502,5.459,5.417
Seychelles,SYC,H,WDI,0.924321,0.07,0.07,0.071,0.072,0.074,0.075,0.076,0.077,0.079,0.08,0.081,0.081,0.084,0.083,0.082,0.083,0.085,0.085,0.087,0.087,0.09,0.087,0.088,0.09,0.091,0.093,0.095,0.096,0.097,0.098,0.098,0.099,0.12,0.12,0.121,0.123,0.125,0.127,0.128,0.129,0.13,0.13,0.13,0.131,0.131,0.131,0.131,0.131,0.132,0.132,0.132,0.132,0.132,0.132,0.132,0.132,0.132,0.132,0.131,0.131,0.131
Sierra Leone,SLE,L,WDI,1,4.197,4.246,4.166,4.157,4.173,4.179,4.199,4.254,4.296,4.318,4.424,4.693,4.971,5.178,5.356,5.502,5.624,5.749,5.895,6.056,6.223,6.387,6.551,6.714,6.876,7.038,7.205,7.379,7.555,7.732,7.913,8.095,8.277,8.461,8.642,8.82,8.997,9.175,9.349,9.521,9.695,9.87,10.047,10.221,10.391,10.563,10.734,10.902,11.066,11.23,11.398,11.566,11.729,11.888,12.049,12.209,12.363,12.513,12.66,12.805,12.948
Singapore,SGP,H,WDI,1.040953,3.047,3.135,3.231,3.313,3.419,3.525,3.671,3.796,3.927,3.959,4.028,4.138,4.176,4.115,4.167,4.266,4.401,4.589,4.839,4.988,5.077,5.184,5.312,5.399,5.47,5.535,5.607,5.612,5.639,5.704,5.686,5.454,5.637,5.918,6.037,6.111,6.148,6.183,6.218,6.25,6.278,6.307,6.334,6.361,6.386,6.405,6.419,6.431,6.441,6.448,6.448,6.445,6.439,6.431,6.421,6.408,6.395,6.379,6.364,6.348,6.331
Sint Maarten (Dutch part),SXM,H,WDI,1,0.028,0.03,0.032,0.032,0.032,0.032,0.032,0.031,0.031,0.031,0.031,0.031,0.031,0.031,0.032,0.032,0.032,0.033,0.033,0.033,0.034,0.034,0.035,0.036,0.037,0.037,0.038,0.039,0.04,0.04,0.041,0.042,0.042,0.043,0.043,0.044,0.044,0.045,0.045,0.046,0.046,0.047,0.047,0.048,0.048,0.048,0.049,0.049,0.049,0.049,0.05,0.05,0.05,0.05,0.05,0.051,0.051,0.051,0.051,0.051,0.051
Slovak Republic,SVK,H,WDI,0.988846,5.299,5.303,5.305,5.325,5.346,5.362,5.373,5.383,5.391,5.396,5.389,5.379,5.377,5.373,5.372,5.373,5.373,5.375,5.379,5.386,5.391,5.398,5.408,5.413,5.419,5.424,5.431,5.439,5.447,5.454,5.459,5.447,5.432,5.427,5.422,5.414,5.391,5.381,5.369,5.356,5.341,5.325,5.307,5.289,5.269,5.248,5.227,5.204,5.181,5.158,5.134,5.11,5.085,5.061,5.036,5.01,4.985,4.96,4.934,4.908,4.881
Slovenia,SVN,H,WDI,1.006572,1.998,1.999,1.996,1.992,1.989,1.99,1.989,1.986,1.982,1.983,1.989,1.992,1.995,1.996,1.997,2.0,2.007,2.018,2.021,2.04,2.049,2.053,2.057,2.06,2.062,2.064,2.065,2.066,2.074,2.088,2.102,2.108,2.112,2.12,2.127,2.131,2.128,2.125,2.122,2.117,2.113,2.108,2.103,2.098,2.093,2.087,2.082,2.076,2.071,2.066,2.06,2.055,2.049,2.043,2.036,2.03,2.023,2.016,2.009,2.002,1.995
Solomon Islands,SLB,LM,WDI,0.999999,0.331,0.342,0.352,0.363,0.374,0.385,0.396,0.407,0.419,0.43,0.44,0.449,0.458,0.466,0.475,0.483,0.492,0.5,0.509,0.518,0.533,0.553,0.574,0.595,0.617,0.639,0.662,0.686,0.709,0.728,0.744,0.763,0.781,0.8,0.819,0.839,0.858,0.878,0.898,0.918,0.938,0.959,0.979,0.999,1.02,1.04,1.06,1.079,1.098,1.117,1.135,1.153,1.171,1.189,1.207,1.224,1.241,1.259,1.276,1.292,1.309
"Somalia, Fed. Rep.",SOM,L,WDI,1,7.083,6.814,6.495,6.681,7.027,7.285,7.554,7.825,8.155,8.492,8.839,9.198,9.55,9.909,10.281,10.644,10.976,11.323,11.663,11.961,12.262,12.349,12.461,12.87,13.339,13.807,14.349,14.917,15.452,16.031,16.651,17.271,17.802,18.359,19.009,19.655,20.306,20.959,21.602,22.248,22.915,23.59,24.259,24.922,25.594,26.295,27.009,27.731,28.456,29.168,29.896,30.636,31.35,32.058,32.78,33.51,34.248,34.996,35.744,36.475,37.207
South Africa,ZAF,UM,WDI,1.0,40.746,41.688,42.444,43.297,44.004,44.542,45.123,45.667,46.224,46.73,47.16,47.567,48.019,48.5,48.991,49.49,49.998,50.529,51.115,51.729,52.344,52.995,53.783,54.679,55.595,56.724,57.26,57.635,58.613,59.588,60.562,61.503,62.378,63.212,64.007,64.747,65.453,66.143,66.83,67.507,68.161,68.799,69.426,70.04,70.642,71.235,71.816,72.388,72.95,73.496,74.036,74.575,75.112,75.642,76.164,76.681,77.2,77.717,78.215,78.7,79.177
South Sudan,SSD,L,WDI,1,4.738,4.837,4.91,4.956,5.071,5.226,5.357,5.509,5.62,5.772,6.032,6.308,6.597,6.903,7.233,7.59,7.977,8.389,8.818,9.244,9.746,10.288,10.756,11.166,11.235,11.108,10.83,10.259,10.123,10.423,10.698,10.866,11.021,11.483,11.943,12.189,12.436,12.687,12.941,13.198,13.457,13.725,13.996,14.262,14.528,14.799,15.07,15.336,15.596,15.851,16.101,16.35,16.593,16.829,17.06,17.286,17.51,17.728,17.938,18.143,18.342
Spain,ESP,H,WDI,1.030595,38.867,38.966,39.158,39.361,39.549,39.724,39.89,40.057,40.224,40.387,40.568,40.85,41.432,42.188,42.922,43.653,44.397,45.227,45.954,46.363,46.577,46.743,46.773,46.604,46.461,46.422,46.458,46.571,46.782,47.119,47.359,47.444,47.786,48.353,48.849,49.355,49.315,49.265,49.209,49.145,49.067,48.977,48.885,48.793,48.698,48.597,48.489,48.377,48.263,48.144,48.017,47.885,47.745,47.601,47.45,47.284,47.107,46.923,46.729,46.522,46.303
Sri Lanka,LKA,UM,WDI,0.936569,16.352,16.475,16.739,17.026,17.276,17.564,17.905,18.248,18.596,18.945,19.293,19.6,19.806,19.952,20.088,20.217,20.352,20.493,20.629,20.756,20.879,21.009,21.169,20.585,20.778,20.97,21.209,21.453,21.67,21.803,21.919,22.156,22.181,22.037,21.916,21.756,21.867,21.973,22.074,22.169,22.26,22.348,22.432,22.513,22.589,22.662,22.73,22.796,22.859,22.917,22.971,23.02,23.063,23.102,23.136,23.167,23.195,23.214,23.228,23.236,23.24
St. Kitts and Nevis,KNA,H,WDI,1.000011,0.04,0.04,0.041,0.041,0.042,0.042,0.043,0.043,0.044,0.045,0.045,0.046,0.046,0.046,0.046,0.046,0.047,0.047,0.047,0.047,0.047,0.047,0.047,0.047,0.047,0.047,0.047,0.047,0.047,0.047,0.047,0.047,0.047,0.047,0.047,0.047,0.047,0.047,0.047,0.047,0.047,0.047,0.047,0.047,0.047,0.047,0.047,0.047,0.047,0.046,0.046,0.046,0.046,0.046,0.046,0.045,0.045,0.045,0.045,0.044,0.044
St. Lucia,LCA,UM,WDI,1,0.138,0.14,0.142,0.144,0.146,0.148,0.15,0.153,0.155,0.157,0.159,0.16,0.162,0.163,0.164,0.165,0.167,0.168,0.169,0.17,0.171,0.172,0.173,0.173,0.174,0.175,0.176,0.176,0.177,0.178,0.178,0.179,0.179,0.179,0.18,0.18,0.18,0.181,0.181,0.181,0.181,0.181,0.181,0.181,0.181,0.181,0.181,0.181,0.18,0.18,0.179,0.179,0.178,0.178,0.177,0.176,0.176,0.175,0.174,0.173,0.172
St. Martin (French part),MAF,H,WDI,1.00002,0.028,0.029,0.029,0.029,0.029,0.029,0.029,0.029,0.029,0.029,0.03,0.031,0.032,0.032,0.033,0.034,0.035,0.035,0.036,0.037,0.037,0.037,0.037,0.037,0.037,0.037,0.037,0.037,0.036,0.034,0.032,0.03,0.029,0.028,0.026,0.025,0.024,0.023,0.022,0.022,0.021,0.021,0.02,0.02,0.02,0.019,0.019,0.019,0.019,0.019,0.019,0.019,0.019,0.019,0.019,0.019,0.019,0.019,0.019,0.019,0.019
St. Vincent and the Grenadines,VCT,UM,WDI,0.999995,0.112,0.112,0.113,0.113,0.113,0.113,0.113,0.113,0.113,0.113,0.114,0.114,0.113,0.113,0.113,0.112,0.112,0.112,0.111,0.111,0.11,0.109,0.109,0.108,0.108,0.107,0.106,0.106,0.105,0.104,0.104,0.103,0.102,0.101,0.101,0.1,0.099,0.099,0.098,0.097,0.097,0.096,0.096,0.095,0.095,0.094,0.094,0.094,0.093,0.093,0.093,0.092,0.092,0.092,0.091,0.091,0.091,0.09,0.09,0.089,0.089
Sudan,SDN,L,WDI,1.0,22.021,22.471,22.927,23.446,24.044,24.672,25.232,25.8,26.459,27.131,27.817,28.517,29.229,29.896,30.557,31.262,31.992,32.764,33.624,34.569,35.414,36.141,36.923,37.786,38.823,40.024,41.26,42.714,44.231,45.548,46.789,48.067,49.383,50.043,50.449,51.662,53.283,54.724,55.994,57.275,58.572,59.873,61.179,62.497,63.822,65.148,66.47,67.791,69.108,70.417,71.731,73.056,74.388,75.724,77.066,78.415,79.767,81.115,82.463,83.828,85.206
Suriname,SUR,UM,WDI,1,0.412,0.415,0.418,0.419,0.422,0.43,0.439,0.448,0.457,0.467,0.477,0.487,0.497,0.506,0.514,0.519,0.525,0.531,0.537,0.544,0.55,0.556,0.563,0.569,0.575,0.582,0.588,0.594,0.6,0.606,0.612,0.618,0.623,0.629,0.634,0.64,0.645,0.651,0.656,0.661,0.666,0.67,0.675,0.68,0.684,0.688,0.692,0.696,0.7,0.704,0.707,0.711,0.714,0.717,0.72,0.723,0.725,0.728,0.73,0.732,0.734
Sweden,SWE,H,WDI,0.994368,8.559,8.617,8.668,8.719,8.781,8.827,8.841,8.846,8.851,8.858,8.872,8.896,8.925,8.958,8.994,9.03,9.081,9.148,9.22,9.299,9.378,9.449,9.519,9.6,9.696,9.799,9.923,10.058,10.175,10.279,10.353,10.416,10.487,10.537,10.57,10.597,10.641,10.681,10.718,10.751,10.781,10.808,10.833,10.857,10.881,10.903,10.926,10.948,10.97,10.993,11.016,11.04,11.065,11.09,11.115,11.14,11.163,11.185,11.207,11.227,11.246
Switzerland,CHE,H,WDI,1.013943,6.716,6.8,6.875,6.938,6.994,7.041,7.072,7.089,7.11,7.144,7.184,7.23,7.285,7.339,7.39,7.437,7.484,7.551,7.648,7.744,7.825,7.912,7.997,8.089,8.189,8.282,8.373,8.452,8.514,8.575,8.638,8.705,8.777,8.889,9.006,9.092,9.133,9.17,9.203,9.232,9.258,9.282,9.303,9.321,9.338,9.353,9.366,9.377,9.387,9.396,9.406,9.415,9.423,9.432,9.439,9.445,9.451,9.458,9.465,9.47,9.473
Syrian Arab Republic,SYR,L,WDI,1.0,12.579,12.981,13.386,13.796,14.209,14.617,15.018,15.418,15.82,16.228,16.638,17.051,17.468,17.889,18.337,18.814,19.637,20.884,21.637,21.977,22.482,22.878,22.76,21.667,20.274,19.425,19.194,19.225,19.578,20.354,21.049,21.629,22.462,23.595,24.673,25.62,26.472,27.262,28.007,28.719,29.396,30.03,30.634,31.212,31.768,32.295,32.788,33.258,33.711,34.131,34.533,34.917,35.28,35.623,35.944,36.265,36.583,36.879,37.171,37.478,37.793
São Tomé and Príncipe,STP,LM,WDI,1,0.123,0.126,0.128,0.13,0.133,0.135,0.137,0.139,0.141,0.142,0.144,0.146,0.15,0.154,0.158,0.162,0.166,0.17,0.174,0.178,0.182,0.186,0.189,0.193,0.197,0.2,0.204,0.207,0.21,0.213,0.217,0.222,0.226,0.231,0.236,0.24,0.245,0.25,0.255,0.26,0.265,0.27,0.275,0.28,0.285,0.29,0.295,0.3,0.306,0.311,0.316,0.321,0.326,0.331,0.336,0.341,0.346,0.351,0.356,0.36,0.365
"Taiwan, China",TWN,H,WPP (no WDI entry),1,20.595,20.782,20.982,21.175,21.357,21.534,21.709,21.885,22.049,22.204,22.333,22.446,22.567,22.664,22.745,22.825,22.915,23.007,23.086,23.164,23.224,23.273,23.346,23.417,23.473,23.529,23.586,23.633,23.659,23.674,23.663,23.558,23.42,23.317,23.214,23.113,23.011,22.908,22.804,22.698,22.59,22.477,22.361,22.241,22.115,21.985,21.85,21.709,21.564,21.413,21.257,21.096,20.929,20.757,20.581,20.399,20.214,20.025,19.832,19.635,19.435
Tajikistan,TJK,LM,WDI,1.0,5.399,5.541,5.649,5.725,5.825,5.949,6.067,6.14,6.176,6.208,6.285,6.407,6.532,6.659,6.791,6.925,7.058,7.194,7.338,7.49,7.652,7.825,8.014,8.217,8.426,8.644,8.866,9.086,9.307,9.53,9.749,9.967,10.182,10.39,10.591,10.787,10.979,11.168,11.357,11.545,11.733,11.92,12.11,12.302,12.497,12.696,12.899,13.104,13.308,13.511,13.714,13.915,14.115,14.312,14.505,14.695,14.879,15.06,15.237,15.408,15.575
Tanzania,TZA,LM,WDI,1,26.11,26.78,27.458,28.333,29.442,30.383,30.946,31.578,32.42,33.3,34.26,35.198,36.121,37.09,38.11,39.182,40.295,41.436,42.571,43.634,44.758,46.029,47.374,48.824,50.352,52.021,53.824,55.653,57.437,59.175,60.973,62.83,64.712,66.618,68.56,70.546,72.564,74.605,76.67,78.773,80.913,83.088,85.293,87.52,89.789,92.091,94.421,96.776,99.156,101.568,103.999,106.448,108.926,111.434,113.966,116.525,119.11,121.721,124.351,126.981,129.621
Thailand,THA,UM,WDI,1,54.738,55.637,56.529,57.408,58.261,59.098,59.92,60.725,61.523,62.299,63.008,63.651,64.266,64.868,65.452,66.017,66.568,67.102,67.62,68.121,68.579,69.007,69.436,69.845,70.216,70.541,70.86,71.16,71.376,71.522,71.641,71.727,71.735,71.702,71.668,71.62,71.56,71.488,71.407,71.316,71.215,71.104,70.982,70.848,70.702,70.541,70.366,70.18,69.979,69.764,69.535,69.288,69.025,68.748,68.457,68.15,67.827,67.489,67.137,66.767,66.383
Timor-Leste,TLS,LM,WDI,1.0,0.76,0.778,0.799,0.821,0.844,0.868,0.892,0.917,0.943,0.835,0.745,0.812,0.879,0.917,0.929,0.948,0.977,1.005,1.032,1.059,1.085,1.11,1.135,1.159,1.182,1.205,1.228,1.252,1.276,1.301,1.326,1.35,1.369,1.384,1.401,1.419,1.437,1.456,1.477,1.498,1.52,1.541,1.56,1.578,1.597,1.619,1.64,1.659,1.679,1.699,1.718,1.736,1.756,1.776,1.794,1.81,1.826,1.842,1.858,1.874,1.889
Togo,TGO,LM,WDI,0.883766,3.714,3.823,3.933,3.888,3.904,4.11,4.291,4.439,4.552,4.666,4.784,4.904,5.027,5.154,5.281,5.413,5.57,5.748,5.936,6.131,6.326,6.501,6.654,6.799,6.938,7.072,7.201,7.324,7.458,7.62,7.788,7.936,8.069,8.224,8.407,8.592,8.777,8.964,9.153,9.344,9.538,9.738,9.94,10.142,10.345,10.55,10.756,10.963,11.172,11.384,11.596,11.809,12.024,12.241,12.461,12.68,12.899,13.117,13.334,13.555,13.773
Tonga,TON,UM,WDI,1,0.1,0.1,0.1,0.1,0.1,0.1,0.1,0.101,0.101,0.102,0.103,0.103,0.104,0.104,0.105,0.106,0.106,0.107,0.107,0.107,0.107,0.108,0.107,0.107,0.107,0.106,0.106,0.105,0.106,0.106,0.106,0.105,0.105,0.105,0.104,0.104,0.103,0.103,0.103,0.102,0.102,0.102,0.102,0.102,0.102,0.102,0.102,0.102,0.102,0.102,0.103,0.103,0.103,0.103,0.104,0.104,0.104,0.105,0.105,0.105,0.105
Trinidad and Tobago,TTO,H,WDI,0.905112,1.252,1.262,1.272,1.28,1.288,1.295,1.301,1.306,1.31,1.315,1.32,1.326,1.332,1.339,1.345,1.294,1.298,1.303,1.309,1.31,1.318,1.328,1.335,1.341,1.345,1.35,1.354,1.357,1.359,1.364,1.367,1.368,1.366,1.368,1.368,1.368,1.37,1.371,1.371,1.37,1.369,1.367,1.365,1.362,1.359,1.356,1.352,1.348,1.343,1.338,1.333,1.328,1.322,1.316,1.31,1.303,1.296,1.289,1.282,1.275,1.267
Tunisia,TUN,LM,WDI,1,8.325,8.502,8.683,8.858,9.018,9.161,9.294,9.421,9.542,9.656,9.765,9.87,9.972,10.072,10.166,10.255,10.346,10.442,10.543,10.651,10.766,10.886,11.01,11.141,11.274,11.402,11.529,11.65,11.766,11.875,11.974,12.049,12.119,12.2,12.277,12.349,12.415,12.476,12.532,12.583,12.628,12.67,12.709,12.747,12.781,12.812,12.842,12.872,12.9,12.927,12.954,12.98,13.005,13.03,13.054,13.076,13.096,13.113,13.128,13.138,13.145
Turkmenistan,TKM,UM,WDI,1.0,3.761,3.856,3.945,4.032,4.117,4.191,4.264,4.337,4.411,4.492,4.583,4.675,4.769,4.864,4.958,5.052,5.147,5.244,5.345,5.452,5.564,5.683,5.809,5.939,6.075,6.216,6.36,6.507,6.656,6.804,6.95,7.092,7.23,7.364,7.494,7.619,7.737,7.848,7.951,8.047,8.136,8.219,8.3,8.38,8.46,8.539,8.618,8.696,8.775,8.854,8.932,9.01,9.088,9.164,9.239,9.313,9.384,9.453,9.519,9.581,9.64
Turks and Caicos Islands,TCA,H,WDI,1.000011,0.012,0.012,0.013,0.014,0.014,0.015,0.016,0.016,0.017,0.018,0.019,0.02,0.021,0.022,0.023,0.024,0.025,0.026,0.027,0.029,0.03,0.031,0.032,0.034,0.035,0.037,0.038,0.04,0.042,0.043,0.044,0.045,0.046,0.046,0.047,0.047,0.047,0.047,0.048,0.048,0.048,0.049,0.049,0.049,0.049,0.049,0.05,0.05,0.05,0.05,0.05,0.051,0.051,0.051,0.051,0.051,0.051,0.051,0.051,0.051,0.051
Tuvalu,TUV,UM,WDI,1.0,0.009,0.009,0.009,0.009,0.009,0.009,0.009,0.009,0.009,0.009,0.01,0.01,0.01,0.01,0.01,0.01,0.01,0.01,0.01,0.01,0.011,0.011,0.011,0.011,0.011,0.011,0.011,0.011,0.011,0.011,0.01,0.01,0.01,0.01,0.01,0.009,0.009,0.009,0.009,0.009,0.009,0.009,0.009,0.009,0.009,0.009,0.009,0.009,0.009,0.009,0.009,0.009,0.009,0.009,0.009,0.009,0.01,0.01,0.01,0.01,0.01
Türkiye,TUR,UM,WDI,0.979394,56.016,57.01,57.99,58.999,60.034,61.025,61.951,62.853,63.734,64.592,65.426,66.245,67.049,67.832,68.593,69.33,70.045,70.158,71.052,72.039,73.142,74.224,75.176,76.148,77.182,78.218,79.278,80.313,81.407,82.579,83.385,84.147,84.98,85.326,85.519,85.879,86.114,86.381,86.657,86.927,87.193,87.453,87.693,87.919,88.131,88.33,88.522,88.704,88.866,89.009,89.134,89.242,89.337,89.413,89.471,89.509,89.535,89.543,89.521,89.466,89.378
Uganda,UGA,L,WDI,1,17.57,18.156,18.785,19.445,20.109,20.666,21.232,21.856,22.516,23.257,24.0,24.746,25.533,26.352,27.155,27.963,28.794,29.653,30.54,31.451,32.391,33.355,34.337,35.337,36.396,37.531,38.799,40.177,41.566,43.0,44.457,45.911,47.313,48.657,50.015,51.385,52.761,54.144,55.533,56.923,58.313,59.704,61.089,62.464,63.834,65.206,66.574,67.943,69.312,70.67,72.02,73.373,74.73,76.091,77.45,78.798,80.139,81.479,82.812,84.13,85.431
Ukraine,UKR,UM,WDI,1.0,52.054,52.171,52.324,52.35,52.076,51.666,51.226,50.787,50.38,49.976,49.557,49.107,48.677,48.315,47.98,47.586,47.279,47.063,46.819,46.624,46.456,46.308,46.21,46.127,45.972,45.785,45.617,45.436,45.209,44.957,44.68,44.299,41.049,37.733,37.86,38.98,39.536,39.245,38.952,38.654,38.354,38.051,37.747,37.442,37.136,36.828,36.52,36.21,35.898,35.584,35.271,34.958,34.642,34.324,34.004,33.68,33.352,33.018,32.681,32.339,31.99
United Arab Emirates,ARE,H,WDI,1.014732,1.898,2.007,2.115,2.222,2.328,2.435,2.598,2.817,3.04,3.266,3.494,3.724,3.957,4.192,4.429,4.665,5.009,5.625,6.303,6.707,6.87,7.105,7.391,7.693,8.059,8.505,8.935,9.223,9.347,9.446,9.401,9.575,10.075,10.484,10.986,11.513,11.745,11.929,12.088,12.232,12.37,12.509,12.651,12.798,12.948,13.101,13.256,13.414,13.573,13.734,13.896,14.059,14.223,14.388,14.554,14.721,14.89,15.062,15.238,15.415,15.594
United Kingdom,GBR,H,WDI,0.999075,57.248,57.425,57.58,57.719,57.866,58.019,58.167,58.317,58.487,58.682,58.893,59.12,59.37,59.648,59.988,60.401,60.847,61.322,61.807,62.276,62.766,63.259,63.711,64.138,64.619,65.087,65.606,65.964,66.287,66.628,66.74,66.978,67.636,68.526,69.281,69.487,69.867,70.229,70.578,70.906,71.221,71.521,71.802,72.076,72.339,72.59,72.831,73.058,73.28,73.497,73.706,73.912,74.113,74.312,74.504,74.685,74.856,75.02,75.172,75.311,75.435
United States,USA,H,WDI,0.984189,249.623,252.981,256.514,259.919,263.126,266.278,269.394,272.657,275.854,279.04,282.162,284.969,287.625,290.108,292.805,295.517,298.38,301.231,304.094,306.772,309.378,311.839,314.339,316.726,319.258,321.815,324.353,326.609,328.53,330.226,331.578,332.1,333.996,336.755,340.004,341.785,343.517,345.183,346.832,348.452,350.027,351.574,353.097,354.597,356.081,357.541,358.965,360.363,361.74,363.074,364.356,365.596,366.812,367.989,369.099,370.16,371.169,372.139,373.07,373.959,374.825
Uruguay,URY,H,WDI,1,3.104,3.122,3.14,3.156,3.173,3.189,3.206,3.223,3.239,3.254,3.266,3.274,3.279,3.281,3.283,3.286,3.29,3.295,3.302,3.31,3.319,3.327,3.335,3.345,3.356,3.368,3.379,3.388,3.395,3.397,3.399,3.397,3.391,3.388,3.387,3.385,3.383,3.38,3.378,3.375,3.373,3.37,3.368,3.365,3.362,3.358,3.355,3.351,3.346,3.342,3.336,3.331,3.325,3.318,3.311,3.303,3.294,3.285,3.276,3.265,3.254
Uzbekistan,UZB,LM,WDI,1,20.465,20.963,21.485,21.988,22.463,22.918,23.352,23.759,24.135,24.476,24.787,25.09,25.4,25.711,26.029,26.357,26.699,27.076,27.495,27.939,28.386,28.823,29.262,29.724,30.223,30.749,31.285,31.819,32.373,32.965,33.586,34.244,34.939,35.652,36.362,37.053,37.724,38.376,39.011,39.634,40.248,40.85,41.442,42.026,42.603,43.175,43.744,44.314,44.886,45.462,46.044,46.637,47.24,47.852,48.471,49.096,49.724,50.352,50.976,51.596,52.211
Vanuatu,VUT,LM,WDI,1,0.148,0.152,0.156,0.159,0.163,0.167,0.171,0.175,0.178,0.182,0.186,0.191,0.196,0.201,0.206,0.211,0.216,0.221,0.227,0.233,0.238,0.243,0.249,0.254,0.26,0.266,0.272,0.279,0.285,0.292,0.299,0.306,0.313,0.32,0.328,0.335,0.343,0.35,0.357,0.365,0.372,0.38,0.388,0.395,0.403,0.411,0.419,0.427,0.435,0.443,0.452,0.46,0.468,0.476,0.485,0.493,0.501,0.51,0.518,0.526,0.534
"Venezuela, RB",VEN,LM,WDI,1,19.827,20.305,20.781,21.255,21.725,22.194,22.662,23.132,23.601,24.067,24.527,24.98,25.436,25.893,26.341,26.786,27.225,27.649,28.054,28.438,28.813,29.185,29.554,29.912,30.254,30.574,30.766,30.565,29.808,28.938,28.444,28.238,28.213,28.301,28.406,28.517,28.634,28.759,28.885,29.014,29.152,29.296,29.443,29.587,29.735,29.883,30.02,30.147,30.268,30.386,30.495,30.59,30.675,30.75,30.814,30.871,30.923,30.974,31.022,31.06,31.095
Viet Nam,VNM,UM,WDI,1,65.505,66.892,68.26,69.586,70.854,72.05,73.156,74.227,75.3,76.287,77.154,77.969,78.772,79.564,80.339,81.088,82.168,83.633,85.176,86.46,87.455,88.468,89.51,90.573,91.68,92.823,94.0,95.177,96.237,97.174,98.079,98.935,99.681,100.352,100.988,101.599,102.177,102.727,103.256,103.761,104.255,104.738,105.204,105.656,106.098,106.531,106.946,107.346,107.732,108.098,108.438,108.752,109.04,109.293,109.506,109.685,109.828,109.93,109.994,110.018,110.009
Virgin Islands (U.S.),VIR,H,WDI,1.233585,0.104,0.105,0.106,0.107,0.107,0.108,0.108,0.108,0.109,0.109,0.109,0.109,0.109,0.109,0.108,0.108,0.108,0.108,0.108,0.108,0.108,0.108,0.108,0.108,0.108,0.108,0.108,0.107,0.107,0.107,0.106,0.106,0.105,0.105,0.104,0.104,0.103,0.102,0.101,0.1,0.1,0.099,0.098,0.098,0.097,0.096,0.096,0.095,0.094,0.094,0.093,0.093,0.092,0.091,0.091,0.09,0.09,0.089,0.089,0.088,0.088
West Bank and Gaza,PSE,LM,WDI,0.968508,1.978,2.069,2.164,2.263,2.366,2.475,2.588,2.707,2.777,2.848,2.922,2.998,3.075,3.155,3.237,3.32,3.406,3.494,3.592,3.689,3.786,3.883,3.98,4.077,4.173,4.27,4.367,4.455,4.569,4.685,4.803,4.923,5.044,5.166,5.289,5.414,5.514,5.617,5.721,5.824,5.93,6.036,6.144,6.255,6.368,6.482,6.597,6.711,6.826,6.943,7.062,7.181,7.299,7.416,7.532,7.646,7.759,7.868,7.975,8.08,8.186
"Yemen, Rep.",YEM,L,WDI,1.0,13.888,14.43,14.989,15.564,16.149,16.74,17.313,17.874,18.446,19.029,19.624,20.226,20.835,21.456,22.095,22.79,23.543,24.318,25.112,25.928,26.754,27.583,28.434,29.313,30.226,31.159,32.109,33.091,34.085,35.111,36.135,37.14,38.223,39.391,40.583,41.774,42.962,44.146,45.324,46.498,47.668,48.828,49.979,51.13,52.28,53.429,54.578,55.724,56.872,58.025,59.182,60.346,61.518,62.697,63.88,65.066,66.254,67.439,68.621,69.8,70.976
Zambia,ZMB,LM,WDI,1,7.786,7.982,8.177,8.374,8.576,8.786,9.004,9.237,9.482,9.74,10.018,10.325,10.648,10.984,11.338,11.719,12.13,12.565,13.021,13.49,13.966,14.438,14.914,15.399,15.895,16.399,16.914,17.441,17.974,18.514,19.059,19.604,20.153,20.724,21.315,21.914,22.522,23.139,23.761,24.39,25.025,25.667,26.312,26.96,27.612,28.267,28.925,29.583,30.241,30.896,31.55,32.204,32.857,33.511,34.166,34.821,35.476,36.129,36.782,37.435,38.083
Zimbabwe,ZWE,LM,WDI,1,10.137,10.405,10.703,10.86,10.873,10.975,11.158,11.37,11.594,11.783,11.892,11.972,12.088,12.232,12.366,12.483,12.636,12.804,12.959,13.143,13.357,13.595,13.818,14.014,14.207,14.399,14.6,14.812,15.034,15.271,15.527,15.797,16.069,16.341,16.634,16.951,17.274,17.601,17.932,18.269,18.61,18.956,19.311,19.676,20.041,20.409,20.779,21.145,21.513,21.881,22.25,22.627,23.001,23.371,23.741,24.102,24.462,24.816,25.168,25.519,25.866
All classified economies,,,,,5299.284,5388.482,5477.121,5564.751,5650.809,5736.479,5822.612,5908.46,5993.942,6078.263,6161.697,6244.842,6327.282,6409.471,6492.463,6575.507,6659.638,6744.148,6830.172,6916.267,7000.942,7086.803,7176.561,7265.478,7353.612,7441.154,7528.299,7613.864,7696.256,7777.249,7853.937,7919.638,7988.784,8062.874,8140.704,8215.197,8284.277,8352.705,8420.246,8486.924,8552.778,8617.794,8681.92,8745.165,8807.53,8868.973,8929.473,8988.971,9047.427,9104.818,9161.106,9216.235,9270.103,9322.7,9373.965,9423.762,9472.072,9518.777,9563.831,9607.189,9648.806
